COMMON NAME(S),BOTANICAL NAME,FAMILY,LOCATION(S) IN GARDEN
abaca,Musa textilis,MUSACEAE,Plot 76
abiu,Pouteria caimito 'Whitman',SAPOTACEAE,Plot 128a
Abraham- bush:hardhead:scipio- bush:sword-bush,Phyllanthus epiphyllanthus,PHYLLANTHACEAE,Plot 164
African iris,Dietes iridioides,IRIDACEAE,Plot 143
African Mahogany,Khaya nyasica,MELIACEAE,Plot 131:Plot 19a:Plot 58
African moringa,Moringa stenopetala,MORINGACEAE,Plot 32a
African oil palm,Elaeis guineensis,ARECACEAE,Plot 71a:Plot 83:Plot 84a:Plot 96
African spiral flag,Costus lucanusianus,COSTACEAE,Plot 76
African tulip-tree,Spathodea campanulata,BIGNONIACEAE,Plot 29
alligator flag,Thalia geniculata,MARANTACEAE,Royal Palm Lake
allspice,Pimenta dioica,MYRTACEAE,Plot 158:Plot 45:Plot 46
Amazon lily,Eucharis x grandiflora,AMARYLLIDACEAE,Plot 131
Amazon-lily,Eucharis amazonica,AMARYLLIDACEAE,Plot 131:Plot 151:Plot 152
American beauty berry,Callicarpa americana,LAMIACEAE,Plot 176a:Plot 176b:Plot 19b:Plot 3a:Plot 51
anaqua,Ehretia anacua,BORAGINACEAE,Plot 52
anchovy pear,Grias cauliflora,LECYTHIDACEAE,Plot 112:Plot 32b
andiroba:bastard mahogany,Carapa guianensis,MELIACEAE,Plot 133:Plot 158
angel's trumpet,Brugmansia aurea,SOLANACEAE,Plot 17:Plot 18:Plot 27d:Plot 50
angel's trumpet,Brugmansia aurea x,SOLANACEAE,Plot 32b
angel's trumpet,Brugmansia 'Ecuador Pink',SOLANACEAE,RPH-B4
angel's trumpet,Brugmansia sp.,SOLANACEAE,Plot 133
angel's trumpet,Brugmansia suaveolens,SOLANACEAE,Plot 143:Plot 27d:Plot 32b:Plot 3a:Plot 49:Plot 50
angel's trumpet,Brugmansia suaveolens 'Jamaica Yellow',SOLANACEAE,Plot 133
angel's trumpet,Brugmansia suaveolens x aurea,SOLANACEAE,Plot 32b
angel's trumpet,Brugmansia 'Supernova',SOLANACEAE,Plot 44:Plot 50
angel's trumpet,Brugmansia versicolor 'Apricot',SOLANACEAE,Plot 44
angel's trumpet,Brugmansia versicolor 'Cream Sickle',SOLANACEAE,Plot 44
COMMON NAME(S),BOTANICAL NAME,FAMILY,LOCATION(S) IN GARDEN
angle-vein fern,Polypodium triseriale,POLYPODIACEAE,Plot 3b
annatto,Bixa orellana,BIXACEAE,Plot 19a
Antillean apricot:mammee- apple,Mammea americana,CALOPHYLLACEAE,Plot 49
aping:jaka,Arenga undulatifolia,ARECACEAE,Plot 117:Plot 129b:Plot 72:Plot 75
Arabian coffee,Coffea arabica,RUBIACEAE,Plot 130:Plot 24
Arabian jasmine,Jasminum sambac 'Grand Duke of Tuscany',OLEACEAE,Plot 19a:Plot 29:Plot 5
araca-boi:pichi,Eugenia stipitata,MYRTACEAE,Whitman Fruit Pavilion
Areca palm:butterfly palm,Dypsis lutescens,ARECACEAE,Plot 129a:Plot 134:Plot 137:Plot 142:Plot 144:Plot 147:Plot 76
arikury palm,Syagrus schizophylla,ARECACEAE,Plot 112:Plot 152:Plot 68:Plot 82
arrowroot,Maranta arundinacea,MARANTACEAE,Plot 27c
assai palm,Euterpe oleracea,ARECACEAE,Plot 151
Assam indigo,Strobilanthes cusia,ACANTHACEAE,Plot 103b:Plot 18:Plot 49:Plot 50:Wings of the Tropics
Australian flame- tree:Illawarra - red shower,Brachychiton acerifolius,MALVACEAE,Plot 35
Australian tree fern,Sphaeropteris cooperi,CYATHEACEAE,Plot 131:Plot 152
avocado,Persea americana,LAURACEAE,Plot 103c
avocado,Persea americana 'Darien',LAURACEAE,Plot 116
Bahama ladder brake,Pteris bahamensis,POLYPODIACEAE,Plot 176a
Bahama pigeon-plum,Coccoloba tenuifolia,POLYGONACEAE,Plot 164
Bahama senna:Chapman's sensitive plant,Senna mexicana var. chapmanii,FABACEAE,Plot 17:Plot 176b:Plot 19a:Plot 19b:Plot 35:Plot 5
Bahama stopper,Psidium androsianum,MYRTACEAE,Plot 164:Plot 166
Bahama strongbark,Bourreria succulenta,BORAGINACEAE,Plot 19b:Plot 52
Bahama swamp bush,Pavonia bahamensis,MALVACEAE,Plot 166:Plot 26:Plot 35:Wings of the Tropics
COMMON NAME(S),BOTANICAL NAME,FAMILY,LOCATION(S) IN GARDEN
Bahama wild coffee:smooth wild coffee,Psychotria ligustrifolia,RUBIACEAE,Plot 19b:Plot 57a
Bailey palm,Copernicia baileyana,ARECACEAE,Plot 115:Plot 150a:Plot 150b:Plot 162:Plot 169:Plot 77:Plot 78:Plot 80
bald cypress,Taxodium distichum,TAXODIACEAE,Plot 61:Plot 64:Plot 65:Plot 66:Plot 96
balsam torchwood,Amyris balsamifera,RUTACEAE,Plot 39
bamboo palm,Chamaedorea microspadix,ARECACEAE,Plot 119
bamboo palm,Chamaedorea seifrizii,ARECACEAE,Plot 112:Plot 132:Plot 142:Plot 143:Plot 149
banana,Musa 'African Rhino Horn',MUSACEAE,Plot 50
banana,Musa 'Dwarf Namwa',MUSACEAE,Plot 51
banana,Musa 'Goldfinger',MUSACEAE,Plot 32b
banana,Musa 'Ice Cream',MUSACEAE,Plot 27c
banana,Musa 'Kandrian',MUSACEAE,Plot 27f:Plot 45:Plot 66
banana,Musa liukiuensis,MUSACEAE,Plot 119:Plot 152
banana,Musa 'Misi Luki',MUSACEAE,Plot 152
banana,Musa 'Mysore',MUSACEAE,Plot 27a
banana,Musa 'Pitogo',MUSACEAE,Plot 27a
banana,Musa 'Praying Hands',MUSACEAE,Plot 51
banana,Musa 'Raja Puri',MUSACEAE,Plot 152:Plot 50
banana,Musa 'Red Iholene',MUSACEAE,Plot 27a
banana,Musa 'Rose',MUSACEAE,Plot 51
banana,Musa 'Saba',MUSACEAE,Plot 10:Plot 27f
Banara,Banara reticulata,SALICACEAE,Plot 164
banded wild- pine:twisted airplant,Tillandsia flexuosa,BROMELIACEAE,Plot 3b
banyan tree,Ficus benghalensis,MORACEAE,Plot 62:Plot 99a
baobab,Adansonia digitata,MALVACEAE,Plot 112:Plot 153b:Plot 3b
Barbados cherry,Malpighia glabra,MALPIGHIACEAE,Plot 19b:Plot 25
Barbados olive,Bontia daphnoides,MYOPORACEAE,Plot 166
bat flower,Tacca chantrieri,TACCACEAE,RPH-A1:RPH-B3
bay-cedar,Suriana maritima,SURIANACEAE,Plot 164:Plot 19b
COMMON NAME(S),BOTANICAL NAME,FAMILY,LOCATION(S) IN GARDEN
bay-rum tree,Pimenta racemosa,MYRTACEAE,Plot 158:Plot 17:Plot 3a:Plot 41a:Plot  45:Plot 46:Plot 55a:Plot 57a:Plot 66:Plot 74:Wings of the Tropics
beach screw-pine,Pandanus tectorius,PANDANACEAE,Plot 81
beechey bamboo,Bambusa beecheyana,POACEAE,Plot 159
beef bush,Tabebuia bahamensis,BIGNONIACEAE,Plot 164:Plot 41a
beefsteak heliconia,Heliconia mariae,HELICONIACEAE,Plot 72
Belize sage,Salvia miniata,LAMIACEAE,Plot 101d:Plot 143:Plot 24:Plot 49
bell flower,Portlandia grandiflora,RUBIACEAE,Plot 25:Plot 8
belmore sentry palm,Howea belmoreana,ARECACEAE,Plot 120
Bengal creeper:sky vine,Thunbergia grandiflora,ACANTHACEAE,Plot 4
Bermuda fan palm,Sabal bermudana,ARECACEAE,Plot 101a:Plot 102:Plot 109:Plot 71a:Plot 89b
betel palm,Areca catechu,ARECACEAE,Plot 149
betel:betle pepper:Pan,Piper betle,PIPERACEAE,Plot 19a
big floatingheart,Nymphoides aquatica,MENYANTHACEAE,Hammock Lake
bignay,Antidesma bunius,PHYLLANTHACEAE,Plot 127:Plot 41a
bilimbi,Averrhoa bilimbi,OXALIDACEAE,Plot 3a
bird of paradise,Strelitzia reginae,STRELITZIACEAE,Plot 102:Plot 123b:Plot 3a:Plot 90a
birds-nest fern,Asplenium nidus,ASPLENIACEAE,Plot 131:Plot 132:Plot 139
Biscayne prickly ash,Zanthoxylum coriaceum,RUTACEAE,Plot 194:Plot 197:Plot 19b:Plot 34:Plot 41a
Bismark palm,Bismarckia nobilis,ARECACEAE,Plot 1:Plot 101a:Plot 136:Plot 137:Plot 139:Plot 71c:Plot 83:Plot 85
bitter bush,Rauvolfia viridis,APOCYNACEAE,Plot 47
bitter-bush,Picramnia pentandra,SIMAROUBACEAE,Plot 19b:Plot 24:Plot 29:Plot 32b:Plot 43
bitterwood,Quassia amara,SIMAROUBACEAE,Plot 32a
COMMON NAME(S),BOTANICAL NAME,FAMILY,LOCATION(S) IN GARDEN
black bean:Moreton Bay chestnut,Castanospermum australe,FABACEAE,Plot 153a
black calabash,Amphitecna latifolia,BIGNONIACEAE,Plot 29:Plot 84a
black ebony,Pera bumeliifolia,PERACEAE,Plot 164
black ironwood,Krugiodendron ferreum,RHAMNACEAE,Plot 14 Planter B:Plot 143:Plot 164:Plot 195:Plot 201:Plot 3a:Plot 3b
black mangrove,Avicennia germinans,AVICENNIACEAE,Plot 158
black mulberry,Morus nigra,MORACEAE,Plot 38
black nicker:Mato Negro,Caesalpinia monensis,FABACEAE,Plot 50
black olive,Bucida buceras,COMBRETACEAE,Plot 32b:Plot 55b:Plot 60
black palm,Astrocaryum standleyanum,ARECACEAE,Plot 112
black sapote,Diospyros digyna,EBENACEAE,Plot 35
black sapote,Diospyros digyna 'Oblong',EBENACEAE,Plot 127
black torch,Erithalis fruticosa,RUBIACEAE,Plot 163:Plot 19a:Plot 19b
blackbead:FL Keys blackbead,Pithecellobium keyense,FABACEAE,Plot 19a:Plot 19b:Plot 64
blackberry jam fruit,Randia formosa,RUBIACEAE,Plot 25
blackberry-lily,Iris domestica,IRIDACEAE,Plot 143
blolly,Guapira discolor,NYCTAGINACEAE,Plot 164:Plot 197:Plot 62
blolly,Guapira obtusata,NYCTAGINACEAE,Plot 158:Plot 164
blood lily,Scadoxus multiflorus ssp. katherinae,AMARYLLIDACEAE,Plot 104:Plot 52
blue beargrass tree,Nolina nelsonii,ASPARAGACEAE,Plot 6
blue butterfly bush,Rotheca myricoides 'Ugandense',LAMIACEAE,Plot 19a
blue candle,Myrtillocactus geometrizans,CACTACEAE,Plot 6
blue century plant,Agave neglecta,ASPARAGACEAE,Plot 1
blue hesper palm,Brahea armata,ARECACEAE,Plot 101b:Plot 134:Plot 139:Plot 176a
blue latan palm,Latania loddigesii,ARECACEAE,Plot 108
blue marble tree:blue quandong,Elaeocarpus angustifolius,ELAEOCARPACEAE,Plot 130:Plot 132:Plot 73
blue marbles,Elaeocarpus grandis,ELAEOCARPACEAE,Plot 133:Plot 45
COMMON NAME(S),BOTANICAL NAME,FAMILY,LOCATION(S) IN GARDEN
blue microsorum:blue fern,Microsorum thailandicum,POLYPODIACEAE,RPH-B6
blue mistflower,Conoclinium coelestinum,ASTERACEAE,Plot 19b
blue rat's tail:snakeweed,Stachytarpheta urticifolia,VERBENACEAE,Wings of the Tropics
blue sage,Eranthemum pulchellum,ACANTHACEAE,Plot 4:Plot 44:Plot 57a
blushing philodendron,Philodendron erubescens,ARACEAE,RPH-B6
boar hog bush,Callicarpa hitchcockii,LAMIACEAE,Plot 164
Bolivian sunset,Seemannia sylvatica,GESNERIACEAE,Plot 32b
bottle palm,Hyophorbe lagenicaulis,ARECACEAE,Plot 101c:Plot 110:Plot 149:Plot 86:Plot 87c
boundary tree,Newbouldia laevis,BIGNONIACEAE,Plot 29
Bozy,Adansonia madagascariensis,MALVACEAE,Plot 35
Brasiletto,Caesalpinia vesicaria,FABACEAE,Plot 153a:Plot 164:Plot 197
Brazil beauty leaf,Calophyllum calaba,CALOPHYLLACEAE,Plot 153a:Plot 84a
Brazil wood,Caesalpinia punctata,FABACEAE,Plot 10
bridal bouquet,Plumeria pudica,APOCYNACEAE,Plot 14:Plot 55b
bridal veil,Caesalpinia granadillo,FABACEAE,Plot 12
bridal wreath,Stephanotis floribunda,ASCLEPIADACEAE,Plot 137
brittle maidenhair fern,Adiantum tenerum,ADIANTACEAE,Plot 131:Plot 132:RPH- B8:Whitman Fruit Pavilion
broad halberd fern,Tectaria heracleifolia,ASPIDIACEAE,Plot 112:Plot 152:Plot 64:RPH-A1:Wings of the Tropics:Whitman Fruit Pavilion
broadleaved brown pine,Podocarpus dispermus,PODOCARPACEAE,Plot 152
broom thatch,Thrinax parviflora,ARECACEAE,Plot 107:Plot 70
bull-horn Acacia,Acacia cornigera,FABACEAE,Plot 50
bull-vine,Cissus intermedia,VITACEAE,Plot 164:Plot 4
burdekin-plum,Pleiogynium timoriense,ANACARDIACEAE,Plot 43
buri palm,Allagoptera caudescens,ARECACEAE,Plot 130:Plot 71c
bush palmetto:dwarf palmetto,Sabal minor,ARECACEAE,Plot 113:Plot 68:Plot 82:Plot 88:Plot 97b
buttercup tree,Cochlospermum vitifolium,COCHLOSPERMACEAE,Plot 27f
COMMON NAME(S),BOTANICAL NAME,FAMILY,LOCATION(S) IN GARDEN
butterfly gardenia,Tabernaemontana divaricata 'Flore Pleno',APOCYNACEAE,Plot 4:Plot 5
butterfly ginger,Hedychium coccineum 'Disney',ZINGIBERACEAE,Plot 72:Plot 76
butterfly ginger,Hedychium coccineum var. aurantiacum 'Flaming Torch',ZINGIBERACEAE,Plot 71c
butterfly ginger,Hedychium 'Moy Giant',ZINGIBERACEAE,Plot 104:Plot 71c:Plot 76
butterfly ginger:white ginger,Hedychium coronarium,ZINGIBERACEAE,Plot 104:Plot 49:Plot 50:Plot 72
butterfly pea,Clitoria ternatea,FABACEAE,Plot 19b
butterfly sage,Varronia bullata ssp. humilis,BORAGINACEAE,Plot 19b
buttonwood,Conocarpus erectus,COMBRETACEAE,Plot 154:Plot 155a:Plot 162:Plot 163:Plot 164:Plot 166:Plot 55a:Plot 85:Plot 86:Plot 89a:Plot 92:Plot 98a
Caapi,Banisteriopsis caapi,MALPIGHIACEAE,Plot 24
cabbage palm:palmetto palm,Sabal palmetto,ARECACEAE,Plot 101d:Plot 102:Plot 106:Plot 109:Plot 137:Plot 144:Plot 161:Plot 163:Plot 164:Plot 176a:Plot 176b:Plot 19b:Plot 64:Plot 72:Plot 97b:Plot 98b
cabbage tree,Cussonia spicata,ARALIACEAE,Plot 19a
cacao:chocolate tree,Theobroma cacao,MALVACEAE,Plot 128a:Plot 152:Whitman Fruit Pavilion
cadaga,Corymba torelliana,MYRTACEAE,Plot 45
cagicake:niuniu,Veitchia filifera,ARECACEAE,Plot 132
calabash nutmeg,Monodora myristica,ANNONACEAE,Plot 19a
calappa palm,Actinorhytis calapparia,ARECACEAE,Plot 132:Plot 71c
Canary Islands date palm,Phoenix canariensis,ARECACEAE,Plot 139:Plot 143:Plot 192:Plot 72:Plot 81:Plot 84a
candelabra bush,Senna alata,FABACEAE,Plot 19b
candle-tree,Parmentiera cereifera,BIGNONIACEAE,Plot 29
candy corn plant,Wagatea spicata,FABACEAE,Plot 4
canistel,Pouteria campechiana 'Bruce',SAPOTACEAE,Plot 127
cannonball tree,Couroupita guianensis,LECYTHIDACEAE,Plot 137:Plot 152:Plot 45:Plot 93
COMMON NAME(S),BOTANICAL NAME,FAMILY,LOCATION(S) IN GARDEN
Cape Aloe:Bitter Aloe,Aloe ferox,ASPARAGACEAE,Plot 31
Cape fig,Ficus capensis,MORACEAE,Plot 38
Cape leadwort,Plumbago auriculata,PLUMBAGINACEAE,Plot 137:Plot 19b
carambola,Averrhoa carambola,OXALIDACEAE,Plot 3a
carambola,Averrhoa carambola 'B-10',OXALIDACEAE,Plot 127
cardinal-flower,Odontonema strictum,ACANTHACEAE,Plot 57a
carib wood,Sabinea carinalis,FABACEAE,Plot 192
Caribbean copper plant,Euphorbia cotinifolia 'Atropurpurea',EUPHORBIACEAE,Plot 43
caricature plant,Graptophyllum pictum,ACANTHACEAE,Plot 119:Plot 4
carnauba wax palm,Copernicia prunifera,ARECACEAE,Plot 107:Plot 169:Plot 171:Plot 91a
carpet-plant,Episcia cupreata,GESNERIACEAE,RPH-A1
cascalote,Caesalpinia cacalaco,FABACEAE,Plot 50
cascarilla bark:sweetwood bark,Croton eluteria,EUPHORBIACEAE,Plot 164
cat's claw,Pithecellobium unguis-cati,FABACEAE,Plot 164
Cayman thatch palm:Proctor's silver palm,Coccothrinax proctorii,ARECACEAE,Plot 107:Plot 162:Plot 170:Plot 65:Plot 68
Central American banyan,Ficus pertusa,MORACEAE,Plot 96
ceriman,Monstera deliciosa,ARACEAE,Plot 105:Plot 112:Plot 132:Plot 18
Ceylon ironwood,Mesua ferrea,CALOPHYLLACEAE,Plot 49
Ceylon senna,Cassia roxburghii,FABACEAE,Plot 34
Ceylon-oak:lac tree,Schleichera oleosa,SAPINDACEAE,Plot 44
chalice vine,Solandra grandiflora,SOLANACEAE,Plot 8
champaca,Magnolia champaca,MAGNOLIACEAE,Plot 19a
chaya,Cnidoscolus aconitifolius,EUPHORBIACEAE,Plot 134:Plot 18:Plot 19b:Wings of the Tropics
Chelem,Agave angustifolia,ASPARAGACEAE,Plot 6
chenille plant,Acalypha hispida,EUPHORBIACEAE,Plot 4
chestnut vine,Tetrastigma voinierianum,VITACEAE,Plot 102:Plot 138a
chiggery-grapes,Tournefortia hirsutissima,BORAGINACEAE,Plot 19b:Plot 64
Chinese box orange,Atalantia buxifolia,RUTACEAE,Plot 39
Chinese croton,Excoecaria cochinchinensis,EUPHORBIACEAE,Plot 130:Plot 132:Plot 152
Chinese evergreen,Aglaonema simplex,ARACEAE,Plot 132
COMMON NAME(S),BOTANICAL NAME,FAMILY,LOCATION(S) IN GARDEN
Chinese fan palm,Livistona chinensis,ARECACEAE,Plot 119:Plot 125:Plot 149:Plot 151:Plot 152:Plot 82:Plot 84a:Plot 84b:Plot 90:Plot 90d
Chinese hat plant,Holmskioldia sanguinea,LAMIACEAE,Plot 143:Plot 3a
Chinese taro,Alocasia cucullata,ARACEAE,Plot 130
chorcha de gallo,Pogonopus speciosus,RUBIACEAE,Plot 24:Plot 4
Christmas berry,Lycium carolinianum,SOLANACEAE,Plot 201
Christmas bush:Monkey bush,Senna bicapsularis,FABACEAE,Plot 164:Plot 18
Christmas palm:Manila palm:Adonidia palm,Adonidia merrillii,ARECACEAE,Plot 142:Plot 143:Plot 151:Plot 152
chupa chupa,Quararibea cordata 'Whitman',MALVACEAE,Whitman Fruit Pavilion
cinnecord,Acacia choriophylla,FABACEAE,Plot 19b:Plot 50
cliff date palm,Phoenix rupicola,ARECACEAE,Plot 104:Plot 77:Plot 98b
cliff spurge,Euphorbia misera,EUPHORBIACEAE,Plot 19b
climbing palm,Chamaedorea elatior,ARECACEAE,Plot 142:Plot 149
climbing vine fern,Microgramma heterophylla,POLYPODIACEAE,Plot 134:Plot 3b:Plot 64
climbing ylang-ylang,Artabotrys hexapetalus,ANNONACEAE,Plot 19a:Plot 27f
cluster fig,Ficus racemosa,MORACEAE,Plot 28:Plot 38
clustered fishtail palm,Caryota mitis,ARECACEAE,Plot 101d:Plot 112:Plot 119:Plot 130:Plot 71a:Plot 71b
coastal plain willow,Salix caroliniana,SALICACEAE,Plot 55a
coastal red milkwood,Mimusops caffra,SAPOTACEAE,Plot 156a
cobana negra,Stahlia monosperma,FABACEAE,Plot 96
cocobey,Cordia bahamensis,BORAGINACEAE,Plot 19b
coco-de-mer:double coconut,Lodoicea maldivica,ARECACEAE,RPH-B8
coconut,Cocos nucifera,ARECACEAE,Plot 154
coconut,Cocos nucifera 'Chowghat Green Dwarf',ARECACEAE,Plot 89a
coconut,Cocos nucifera 'Dwarf Brown',ARECACEAE,Plot 90c
COMMON NAME(S),BOTANICAL NAME,FAMILY,LOCATION(S) IN GARDEN
coconut,Cocos nucifera 'Fiji Dwarf',ARECACEAE,Plot 89b:Plot 90c
coconut,Cocos nucifera hybrid,ARECACEAE,Plot 73:Plot 74
coconut,Cocos nucifera 'Malayan Dwarf',ARECACEAE,Plot 195:Plot 94
coconut,Cocos nucifera 'Maypan',ARECACEAE,Plot 62:Plot 80:Plot 88:Plot 89a:Plot 90a:Plot 90b
coconut,Cocos nucifera 'Nino',ARECACEAE,Plot 89a
coconut,Cocos nucifera 'Panama Tall',ARECACEAE,Plot 118:Plot 156a:Plot 157:Plot 70
coconut,Cocos nucifera 'Rangiroa Red Dwarf',ARECACEAE,Plot 196
coconut,Cocos nucifera 'Red Malayan Dwarf',ARECACEAE,Plot 83:Plot 93:Plot 94
coconut,Cocos nucifera 'Red Spicata',ARECACEAE,Plot 198
coconut,Cocos nucifera 'Red Spicata Dwarf',ARECACEAE,Plot 89a:Plot 90a
coconut,Cocos nucifera 'Yellow Spicata Dwarf',ARECACEAE,Plot 90a
coconut orchid,Maxillaria tenuifolia,ORCHIDACEAE,Plot 57a:RPH-C1
coco-plum,Chrysobalanus icaco,CHRYSOBALANACEAE,Plot 154:Plot 155a:Plot 191:Plot 54:Plot 59:Plot 61:Plot 62:Plot 64
coffee,Coffea arabica 'Caturra',RUBIACEAE,Whitman Fruit Pavilion
coin vine,Dalbergia ecastophyllum,FABACEAE,Plot 156c
Colville's glory,Colvillea racemosa,FABACEAE,Plot 192:Plot 35:Plot 50
common screw-pine,Pandanus utilis,PANDANACEAE,Plot 12:Plot 170:Plot 95
common velvet-seed,Guettarda elliptica,RUBIACEAE,Plot 176a:Plot 97b
Confederate jasmine,Trachelospermum jasminoides,APOCYNACEAE,Plot 3a
coral bean,Erythrina herbacea,FABACEAE,Plot 32a:Plot 64
coral bush,Russelia coccinea,SCROPHULARIACEAE,Plot 19a
coral hoarypea,Tephrosia angustissima var. corallicola,FABACEAE,Plot 176a
coral plant,Jatropha multifida,EUPHORBIACEAE,Wings of the Tropics
coral tree,Macaranga grandifolia,EUPHORBIACEAE,Plot 128d:Plot 43:Plot 44:Plot 50
corkystem passionflower,Passiflora suberosa,PASSIFLORACEAE,Plot 134:Plot 176a
COMMON NAME(S),BOTANICAL NAME,FAMILY,LOCATION(S) IN GARDEN
corossie:kawosie:petit coco,Attalea crassispatha,ARECACEAE,Plot 101b:Plot 105:Plot 142:Plot 144:Plot 149:Plot 169:Plot 78
Corozo,Elaeis oleifera,ARECACEAE,Plot 101d:Plot 83:Plot 84a
corozo,Syagrus stenopetala,ARECACEAE,Plot 102
Costa Rican nightshade,Solanum wendlandii,SOLANACEAE,Plot 4
cow-bush,Helicteres jamaicensis,MALVACEAE,Plot 164:Plot 57a
cowfoot,Piper auritum,PIPERACEAE,Plot 132:Plot 152:Plot 71b
cowhorn orchid,Cyrtopodium punctatum,ORCHIDACEAE,Plot 1:Plot 106:Plot 113:Plot 117:Plot 128c:Plot 162:Plot 3b
crab wood,Coccoloba krugii,POLYGONACEAE,Plot 158:Plot 164
crabwood:oysterwoo d,Gymnanthes lucida,EUPHORBIACEAE,Plot 3b
cream fruit:curare,Strophanthus gratus,APOCYNACEAE,Plot 101c
creeping Charley,Pilea nummulariifolia,URTICACEAE,Plot 130
creeping fern,Thelypteris reptans,POLYPODIACEAE,Plot 112:RPH-A1:Wings of the Tropics
crenulate leadplant,Amorpha herbacea var. crenulata,FABACEAE,Plot 176a:Plot 176b
crimson bluestem,Schizachyrium sanguineum,POACEAE,Plot 176a
crimson bottlebrush,Callistemon citrinus,MYRTACEAE,Plot 95
crimson portlandia,Portlandia proctorii,RUBIACEAE,Plot 19a:Plot 44:Plot 8
crinum lily,Crinum 'Summer Nocturne',AMARYLLIDACEAE,Plot 32b
crinum lily:poison bulb,Crinum asiaticum 'Queen Emma',AMARYLLIDACEAE,Plot 32a
croton,Codiaeum 'AFD #5',EUPHORBIACEAE,Plot 41a
croton,Codiaeum sp.,EUPHORBIACEAE,Plot 14:Plot 25
croton,Codiaeum variegatum 'Pinocchio',EUPHORBIACEAE,Plot 103a
croton,Codiaeum variegatum x,EUPHORBIACEAE,Plot 112
crown of thorns,Euphorbia milii,EUPHORBIACEAE,Plot 31:Plot 41a
crown of thorns,Euphorbia milii 'Salmon Dome',EUPHORBIACEAE,Plot 31
crown of thorns,Euphorbia milii 'Somona',EUPHORBIACEAE,Plot 31
crown of thorns,Euphorbia milii var. imperatae forma lutea,EUPHORBIACEAE,Plot 31
COMMON NAME(S),BOTANICAL NAME,FAMILY,LOCATION(S) IN GARDEN
Cuban catalpa,Catalpa punctata,BIGNONIACEAE,Plot 164:Plot 29
Cuban holly,Ilex repanda,AQUIFOLIACEAE,Plot 164
Cuban silver palm,Coccothrinax littoralis,ARECACEAE,Plot 107
cup and saucer:Jamaican rose,Blakea trinervia,MELASTOMATACEAE,Plot 4:RPH-B9
cuplet fern,Dennstaedtia bipinnata,DENNSTAEDTIACEAE,RPH-B6
cypress peperomia,Peperomia glabella,PIPERACEAE,Plot 3b:RPH-B6
dancing lady orchid,Oncidium sphacelatum,ORCHIDACEAE,Plot 121:Plot 130:Plot 132:Plot 134
darling-plum:red ironwood,Reynosia septentrionalis,RHAMNACEAE,Plot 164:Plot 166:Plot 195
delta maidenhair,Adiantum raddianum,ADIANTACEAE,Wings of the Tropics
desert cassia:twin senna,Senna polyphylla,FABACEAE,Plot 17:Plot 19b:Plot 51
desert fan palm:California palm,Washingtonia filifera,ARECACEAE,Plot 101a
desert rose,Adenium obesum,APOCYNACEAE,Plot 135
desert spoon,Dasylirion wheeleri,ASPARAGACEAE,Plot 135:Plot 31
devil tree,Alstonia scholaris,APOCYNACEAE,Plot 151:Plot 57a
diamond maidenhair,Adiantum trapeziforme,ADIANTACEAE,Plot 132:Plot 152:RPH- B1
dingy flowered epidendrum,Epidendrum anceps,ORCHIDACEAE,Plot 3b
dinner-plate fig,Ficus dammaropsis,MORACEAE,Plot 44
double red flame ginger,Alpinia purpurata,ZINGIBERACEAE,Plot 72:RPH-B5
dragonsblood tree,Pterocarpus officinalis,FABACEAE,Plot 151
dragon-tree,Dracaena draco,ASPARAGACEAE,Plot 135
duck-potato,Sagittaria latifolia,ALISMATACEAE,Pandanus Lake:Royal Palm Lake
durian,Durio zibethinus,MALVACEAE,Whitman Fruit Pavilion
durian kuning,Durio graveolens 'Orange',MALVACEAE,Whitman Fruit Pavilion
durian kuning,Durio graveolens 'Suluk 3',MALVACEAE,Whitman Fruit Pavilion
dwarf boerboon,Schotia capitata,FABACEAE,Plot 18
dwarf date palm,Phoenix roebelenii,ARECACEAE,Plot 101c:Plot 137:Plot 70
dwarf golden apple,Spondias cytherea,ANACARDIACEAE,Plot 116
COMMON NAME(S),BOTANICAL NAME,FAMILY,LOCATION(S) IN GARDEN
dwarf lady palm:Thailand lady palm,Rhapis subtilis,ARECACEAE,Plot 112:Plot 131:Plot 132:Plot 133
dwarf red powder puff,Calliandra haematocephala 'Nana',FABACEAE,Plot 19b:Plot 50
dye fig,Ficus tinctoria,MORACEAE,Plot 95
earpod tree:guanacaste,Enterolobium cyclocarpum,FABACEAE,Plot 55a:Plot 74:Plot 96
Easter flower,Securidaca diversifolia,POLYGALACEAE,Plot 7
eastern gama grass,Tripsacum dactyloides,POACEAE,Plot 107:Plot 169:Plot 172:Plot 19b:Plot 87c
Egyptian starclusters,Pentas lanceolata,RUBIACEAE,Plot 19a:Plot 19b
elephant apple,Dillenia indica,DILLENIACEAE,Plot 19a
elephant wood,Bursera microphylla,BURSERACEAE,Plot 135
elephant yam:telingo potato,Amorphophallus paeoniifolius,ARACEAE,Plot 146:Plot 49:Plot 50
Elliott's lovegrass,Eragrostis elliottii,POACEAE,Plot 97b
European fan palm,Chamaerops humilis,ARECACEAE,Plot 101b:Plot 101c:Plot 101d:Plot 107
Fairchild's fig,Ficus subcordata,MORACEAE,Plot 28
Fairchild's Sterculia,Sterculia ceramica,MALVACEAE,Plot 35:Plot 59:Plot 61
false boxwood,Gyminda latifolia,CELASTRACEAE,Plot 164
false olive,Elaeodendron orientale,CELASTRACEAE,Plot 20:Plot 21
feather-bed:boa- wood,Diospyros crassinervis,EBENACEAE,Plot 164
fern begonia,Begonia foliosa,BEGONIACEAE,RPH-B6
fern tree,Filicium decipiens,SAPINDACEAE,Plot 133:Plot 149
fiddlewood,Citharexylum spinosum,VERBENACEAE,Plot 64
Fiji fan palm,Pritchardia pacifica,ARECACEAE,Plot 149:Plot 72
fire spike,Odontonema tubaeforme,ACANTHACEAE,Wings of the Tropics
firebush,Hamelia patens,RUBIACEAE,Plot 101b:Plot 19b:Plot 30:Plot 3a:Plot 3b
firebush,Hamelia patens 'Calusa',RUBIACEAE,Plot 19b
fire-bush,Croton lucidus,EUPHORBIACEAE,Plot 164
firecracker plant:coral plant,Russelia equisetiformis,SCROPHULARIACEAE,Plot 52
fishtail palm,Caryota rumphiana,ARECACEAE,Plot 103b:Plot 112:Plot 131:Plot 133:Plot 151
COMMON NAME(S),BOTANICAL NAME,FAMILY,LOCATION(S) IN GARDEN
fishtail wait-a-while,Calamus caryotoides,ARECACEAE,Plot 71b
flame lily,Gloriosa superba,LILIACEAE,Plot 104
flame of Jamaica,Euphorbia punicea,EUPHORBIACEAE,Plot 107:Plot 158:Plot 34:Plot 41a:Plot 50:Plot 8
flame of the forest,Butea monosperma,FABACEAE,Plot 18
flame vine,Pyrostegia venusta,BIGNONIACEAE,Plot 4
flaming sword,Vriesea splendens,BROMELIACEAE,Plot 120
flax lily,Dianella tasmanica,XANTHORRHOEACEAE,Plot 17
floating sensitive plant,Neptunia oleracea,FABACEAE,Amphitheater Pool
Florida boxwood:yellow wood,Schaefferia frutescens,CELASTRACEAE,Plot 132:Plot 19a:Plot 19b:Plot 41a:Plot 57a:Plot 64
Florida butterfly orchid,Encyclia tampensis,ORCHIDACEAE,Plot 1:Plot 133:Plot 197:Plot 198:Plot 201:Plot 3b
Florida gamagrass,Tripsacum floridanum,POACEAE,Plot 107:Plot 108:Plot 113:Plot 169:Plot 172:Plot 176a:Plot 176b:Plot 19b:Plot 201:Plot 54:Plot 87c:Plot 97b
Florida hammock milkpea,Galactia striata,FABACEAE,Plot 19b
Florida oncidium,Oncidium floridanum,ORCHIDACEAE,Plot 3b
Florida peperomia,Peperomia obtusifolia,PIPERACEAE,Plot 3b
Florida pineland privet,Forestiera segregata var. pinetorum,OLEACEAE,Plot 3b
Florida prairie clover,Dalea carthagenensis var. floridana,FABACEAE,Plot 97b
Florida privet,Forestiera segregata,OLEACEAE,Plot 164:Plot 166:Plot 176a:Plot 176b
Florida strap airplant,Catopsis floribunda,BROMELIACEAE,Plot 3b
COMMON NAME(S),BOTANICAL NAME,FAMILY,LOCATION(S) IN GARDEN
Florida thatch palm:silk-top thatch,Thrinax radiata,ARECACEAE,Plot 1:Plot 101c:Plot 107:Plot 112:Plot 128d:Plot 134:Plot 137:Plot 139:Plot 161:Plot 167:Plot 194:Plot 3b:Plot 54:Plot 62:Plot 65:Plot 67:Plot 69:Plot 70:Plot 71a:Plot 71b:Plot 71c:Plot 72:Plot 76:Plot 77:Plot 83:Plot 86:Plot 98a:Plot 98b:Wings of the Tropics
Florida tree fern,Ctenitis sloanei,ASPIDIACEAE,Plot 112:RPH-A4:RPH- B1:RPH-B6
Fony:Ringy,Adansonia rubrostipa,MALVACEAE,Plot 31
forked bluecurls,Trichostema dichotomum,LAMIACEAE,Plot 176b
Formosa sugar palm,Arenga engleri,ARECACEAE,Plot 101a:Plot 129b:Plot 149:Plot 73
foxtail agave,Agave attenuata,ASPARAGACEAE,Plot 135
foxtail orchid,Rhynchostylis gigantea,ORCHIDACEAE,Plot 130:RPH-B8
foxtail palm,Wodyetia bifurcata,ARECACEAE,Plot 133:Plot 137:Plot 138b:Plot 139:Plot 153a
fragrant Cuban thatch,Coccothrinax fragrans,ARECACEAE,Plot 107
fragrant maidenhair:dark maidenhair fern,Adiantum melanoleucum,ADIANTACEAE,Plot 112:Whitman Fruit Pavilion
fragrant olive:sweet olive:tea olive,Osmanthus fragrans,OLEACEAE,Plot 50
fragrant Premna,Premna odorata,LAMIACEAE,Plot 51:
fragrant water-lily,Nymphaea odorata,NYMPHAEACEAE,Center Lake:Glade Lake:Hammock Lake:Pandanus Lake:Royal Palm Lake
frangipani,Plumeria 'Key West Red',APOCYNACEAE,Plot 43
frangipani,Plumeria obtusa,APOCYNACEAE,Plot 164
COMMON NAME(S),BOTANICAL NAME,FAMILY,LOCATION(S) IN GARDEN
frangipani,Plumeria obtusa 'Singapore Dwarf',APOCYNACEAE,Plot 33
frangipani,Plumeria obtusa var. obtusa,APOCYNACEAE,Plot 172:Plot 65
frangipani,Plumeria rubra,APOCYNACEAE,Plot 50:Plot 59
frangipani,Plumeria x,APOCYNACEAE,Plot 47:Plot 52
frankincense,Boswellia sacra,BURSERACEAE,Plot 135
fried egg tree,Oncoba spinosa,SALICACEAE,Plot 52
fringed hibiscus,Hibiscus schizopetalus,MALVACEAE,Plot 33:Plot 55a
galangal,Alpinia galanga,ZINGIBERACEAE,Plot 27a
Galeott's schomburgkia,Schomburgkia galeottiana,ORCHIDACEAE,Plot 134
gamboge tree,Garcinia spicata,CLUSIACEAE,Plot 49
gamiti,Veitchia metiti,ARECACEAE,Plot 133
gebanga palm,Corypha utan,ARECACEAE,PLot 156b:Plot 156c:Plot 85:Plot 87a:Plot 90a:Plot 91a:Plot 91b:Plot 92
Geiger-tree,Cordia sebestena,BORAGINACEAE,Plot 52
genipapo,Genipa americana,RUBIACEAE,Plot 152
German bamboo,Pogonatherum paniceum,POACEAE,Plot 152:Plot 3a:Plot 49
giant bamboo,Dendrocalamus giganteus,POACEAE,Plot 159
giant black bamboo,Gigantochloa atroviolacea,POACEAE,Plot 159
giant caladium,Alocasia cuprea,ARACEAE,RPH-A1
giant fishtail palm,Caryota no,ARECACEAE,Plot 112
giant horsetail,Equisetum giganteum,EQUISETACEAE,Amphitheater Pool
giant milkweed,Calotropis gigantea,ASCLEPIADACEAE,Plot 19b
giant mountain fishtail palm,Caryota maxima,ARECACEAE,Plot 132
giant sword fern:Boston fern,Nephrolepis biserrata,POLYPODIACEAE,Plot 152
giant wild pine,Tillandsia utriculata,BROMELIACEAE,Plot 3b
gingerbread palm:African doum palm,Hyphaene thebaica,ARECACEAE,Plot 114
glossy cordia,Cordia nitida,BORAGINACEAE,Plot 52
gold fern,Pityrogramma chrysophylla,PTERIDACEAE,Wings of the Tropics
golden barrel cactus,Echinocactus grusonii,CACTACEAE,Plot 6
golden chalice vine:cup of gold,Solandra maxima,SOLANACEAE,Plot 4
golden dewdrop,Duranta erecta,VERBENACEAE,Plot 19b
golden leather fern,Acrostichum aureum,ADIANTACEAE,Plot 159
COMMON NAME(S),BOTANICAL NAME,FAMILY,LOCATION(S) IN GARDEN
golden Malay coconut,Cocos nucifera 'Golden Malay',ARECACEAE,Plot 90c
golden plume,Justicia aurea,ACANTHACEAE,Plot 130:Plot 132
golden-creeper,Ernodea littoralis,RUBIACEAE,Plot 12:Plot 44
gooseneck cactus,Epiphyllum oxypetalum,CACTACEAE,Plot 132
gourd tree,Crescentia alata,BIGNONIACEAE,Plot 29:Plot 4
gout plant,Jatropha podagrica,EUPHORBIACEAE,Plot 135:Wings of the Tropics
green arow arum,Peltandra virginica,ARACEAE,Center Lake:Glade Lake:Hammock Lake:Pandanus Lake:Royal Palm Lake
green ebony,Flueggea acidoton,PHYLLANTHACEAE,Plot 164
green milkweed:green antelopehorn,Asclepias viridis,ASCLEPIADACEAE,Plot 176a
greenheart:snake- bark,Colubrina arborescens,RHAMNACEAE,Plot 161:Plot 194:Plot 195:Plot 3a
grid-scale maiden fern,Thelypteris patens,POLYPODIACEAE,Plot 152:Plot 3b:Wings of the Tropics
ground-cherry,Physalis walteri,SOLANACEAE,Plot 176b
gru-gru,Acrocomia aculeata,ARECACEAE,Plot 102:Plot 169
grumichama,Eugenia brasiliensis,MYRTACEAE,Plot 116
guava,Psidium guajava,MYRTACEAE,Plot 116
guayo:cotopris,Talisia oliviformis,SAPINDACEAE,Plot 18:Plot 44:Plot 59
Guiana-chestnut,Pachira aquatica,MALVACEAE,Plot 132:Plot 151:Plot 18:Plot 58:Plot 62:Plot 73:Plot 74
Guiana-plum,Drypetes lateriflora,PUTRANJIVACEAE,Plot 19b
gulf licaria:pepperleaf sweetwood,Licaria triandra,LAURACEAE,Plot 151:Plot 19a
gum tragacanth,Sterculia tragacantha,MALVACEAE,Plot 27c
gumbo-limbo,Bursera simaruba,BURSERACEAE,Plot 110:Plot 164:Plot 166:Plot 197:Plot 21:Plot 64
hairy red pittosporum,Pittosporum rubiginosum,PITTOSPORACEAE,Plot 130:Plot 132:Plot 147
hairy wild coffee,Psychotria pubescens,RUBIACEAE,Plot 164
COMMON NAME(S),BOTANICAL NAME,FAMILY,LOCATION(S) IN GARDEN
halberd-leaf rosemallow,Hibiscus laevis,MALVACEAE,Amphitheater Pool
hammock groundsel,Baccharis dioica,ASTERACEAE,Plot 43:Plot 45:Plot 50
hammock shrub verbena,Lantana canescens,VERBENACEAE,Plot 176a
Havana skullcap,Scutellaria havanensis,LAMIACEAE,Plot 176a:Plot 19b:Plot 44
Hawaiian tree fern,Cibotium glaucum,DICKSONIACEAE,RPH-B8
hen and chickens,Echeveria 'Topsy Turvy',CRASSULACEAE,Plot 6
henna,Lawsonia inermis 'Rubra',LYTHRACEAE,Plot 19b:Plot 30
hens and chicks,Echeveria sp.,CRASSULACEAE,Plot 6
Herald's trumpet,Beaumontia grandiflora,APOCYNACEAE,Plot 4
higuero de Sierra,Crescentia portoricensis,BIGNONIACEAE,Plot 112:Plot 158:Plot 29:Plot 61
Himalayan crocus:resurrection lily,Kaempferia rotunda,ZINGIBERACEAE,Plot 146:Plot 148:Plot 27a:Plot 27c:Plot 27e:Plot 4
Hispaniolan palmetto,Sabal domingensis,ARECACEAE,Plot 106:Plot 97a:Plot 98a:
hoary wild-pine,Tillandsia pruinosa,BROMELIACEAE,Plot 3b
Honduran mahogany,Swietenia macrophylla,MELIACEAE,Plot 57a
hoop pine:Moreton Bay Pine,Araucaria cunninghamii,ARAUCARIACEAE,Plot 142:Plot 44
horned gardenia,Gardenia cornuta,RUBIACEAE,Plot 24:Plot 44
horse flesh:weeping tamarind,Lysiloma sabicu,FABACEAE,Plot 158:Plot 163:Plot 164:Plot 193
horse-bush,Peltophorum adnatum,FABACEAE,Plot 164
ice-cream bean,Inga paterno,FABACEAE,Plot 18
impala-lily,Adenium multiflorum,APOCYNACEAE,Plot 135:Plot 137:Plot 31
Indian almond,Sterculia foetida,MALVACEAE,Plot 35
Indian laurel,Ficus microcarpa var. nitida,MORACEAE,Plot 95
Indian mulberry,Morus macroura,MORACEAE,Plot 23
indigo berry:box briar:ink berry,Randia aculeata,RUBIACEAE,Plot 153a:Plot 164:Plot 176a:Plot 19b:Plot 25
inkwood,Exothea paniculata,SAPINDACEAE,Plot 164
iron wood,Chionanthus caymanensis,OLEACEAE,Plot 173:Plot 29
ivory mahogany,Dysoxylum gaudichaudianum,MELIACEAE,Plot 133
ivory-nut palm:tagua,Phytelephas macrocarpa,ARECACEAE,Plot 151
COMMON NAME(S),BOTANICAL NAME,FAMILY,LOCATION(S) IN GARDEN
jaboticaba,Myrciaria cauliflora,MYRTACEAE,Plot 45
jackfruit,Artocarpus heterophyllus,MORACEAE,Plot 23
Jack-in-the-bush,Chromolaena odorata,ASTERACEAE,Plot 19b
jade vine,Strongylodon macrobotrys,FABACEAE,Plot 14 Planter A:Plot 14 Planter E:Plot 4
Jamaica caper,Capparis cynophallophora,CAPPARACEAE,Plot 143:Plot 158:Plot 164:Plot 3a:Plot 3b:Plot 41a:Plot 57a:Plot 62
Jamaica cherry-fig,Ficus perforata,MORACEAE,Plot 153b
Jamaica-dogwood,Piscidia piscipula,FABACEAE,Plot 164
Jamaican silver thatch,Coccothrinax jamaicensis,ARECACEAE,Plot 142:Plot 161
Jamaican thatch palm:broad thatch,Thrinax excelsa,ARECACEAE,Plot 101c:Plot 107:Plot 134:Plot 137
Java staghorn,Platycerium willinckii,POLYPODIACEAE,Plot 131
joe-wood,Jacquinia keyensis,THEOPHRASTACEAE,Plot 164:Plot 166:Plot 22
kahili ginger,Hedychium gardnerianum,ZINGIBERACEAE,Plot 71c
kapok,Ceiba pentandra,MALVACEAE,Plot 132:Plot 133:Plot 14:Plot 142:Plot 17:Plot 35:Plot 43:Plot 96:Plot 99c
kava,Piper methysticum,PIPERACEAE,Plot 132
kei neat's foot,Bauhinia bowkeri,FABACEAE,Plot 148
key lime,Citrus aurantiifolia 'Key Lime',RUTACEAE,Plot 39
Key tree cactus,Pilosocereus robinii,CACTACEAE,Plot 126:Plot 196:Plot 6
Keys spider-lily,Hymenocallis latifolia,AMARYLLIDACEAE,Plot 135:Plot 158:Plot 202:Plot 57a
Keys thatch palm,Leucothrinax morrisii,ARECACEAE,Plot 106:Plot 107:Plot 115:Plot 134:Plot 137:Plot 138b:Plot 150a:Plot 150b:Plot 155a:Plot 161:Plot 164:Plot 166:Plot 196:Plot 3b:Plot 70:Plot 71a:Plot 71b:Plot 71c:Plot 72:Plot 76:Plot 79
COMMON NAME(S),BOTANICAL NAME,FAMILY,LOCATION(S) IN GARDEN
king's mantle:clock bush,Thunbergia erecta,ACANTHACEAE,Plot 19a:Plot 24:Plot 25:Plot 29:Plot 4
kirni,Manilkara hexandra,SAPOTACEAE,Plot 50
Krug's holly,Ilex krugiana,AQUIFOLIACEAE,Plot 64
kura kura,Durio testudinarium,MALVACEAE,Whitman Fruit Pavilion
kwai muk,Artocarpus lingnanensis,MORACEAE,Plot 23
lace fern,Asparagus setaceus 'Cupressoides',ASPARAGACEAE,Plot 3a
lady of the night,Brunfelsia americana,SOLANACEAE,Plot 27c
lady of the night,Brunfelsia nitida,SOLANACEAE,Plot 132:Plot 50:Plot 8
lady palm,Rhapis excelsa,ARECACEAE,Plot 101a:Plot 104:Plot 112:Plot 120:Plot 128a:Plot 131:Plot 137:Plot 138b:Plot 152:Plot 71c:Plot 78:Wings of the Tropics
lance-leaf arrowhead,Sagittaria lancifolia,ALISMATACEAE,Amphitheater Pool:Bog:Center Lake:Founders' Court Pool:Glade Lake:Hammock Lake::Pandanus Lake:Royal Palm Lake
lancewood,Ocotea coriacea,LAURACEAE,Plot 19a
langkap,Arenga obtusifolia,ARECACEAE,Plot 129a:Plot 129c:Plot 143:Plot 73:Plot 75:Plot 77
langsat,Lansium domesticum 'Concepcion',MELIACEAE,Whitman Fruit Pavilion
Laos lady palm,Rhapis laosensis,ARECACEAE,RPH-B1
lapacho,Tabebuia avellanedae,BIGNONIACEAE,Plot 153a
lattice-vein fern,Thelypteris reticulata,POLYPODIACEAE,Plot 152:RPH-B8
Laurel-leaved snailseed,Cocculus laurifolius,MENISPERMACEAE,Plot 30
leather fern,Acrostichum danaeifolium,ADIANTACEAE,Plot 195:Plot 3b:Plot 63:Plot 69
Leavenworth's goldenrod,Solidago leavenworthii,ASTERACEAE,Plot 19b
lemon grass,Cymbopogon citratus,POACEAE,Plot 116:Plot 127:Plot 19a
COMMON NAME(S),BOTANICAL NAME,FAMILY,LOCATION(S) IN GARDEN
licury palm:ouricury palm,Syagrus coronata,ARECACEAE,Plot 102:Plot 115:Plot 123a
lignum-vitae,Guaiacum officinale,ZYGOPHYLLACEAE,Plot 137:Plot 147:Plot 34:Plot 37:Plot 99c
lignum-vitae,Guaiacum sanctum,ZYGOPHYLLACEAE,Plot 12:Plot 137:Plot 138b:Plot 14 Planter E:Plot 158:Plot 166:Plot 170:Plot 176a:Plot 195:Plot 19b:Plot 34:Plot 37:Plot 3b:Plot 41a:Plot 41c:Plot 54:Plot 62:Wings of the Tropics
lily-pad begonia,Begonia nelumbiifolia,BEGONIACEAE,Plot 133:Plot 137:Plot 49:RPH-B1
lily-pad begonia,Begonia nelumbiifolia 'Rubra',BEGONIACEAE,Plot 112
lily-thorn,Catesbaea spinosa,RUBIACEAE,Plot 158:Plot 164:Plot 24
limber caper:bay- leaved caper,Capparis flexuosa,CAPPARACEAE,Plot 196:Plot 19a:Plot 27c
lime-berry,Triphasia trifolia,RUTACEAE,Plot 39
little bluestem,Schizachyrium rhizomatum,POACEAE,Plot 176a:Plot 97b
little Christmas flower,Euphorbia leucocephala,EUPHORBIACEAE,Plot 41a
lizard's tail,Saururus cernuus,SAURURACEAE,Sunken Garden Pool
llume palm:palma de lluvia,Gaussia attenuata,ARECACEAE,Plot 104:Plot 110:Plot 112:Plot 142:Plot 149:Plot 19a:Plot 19b
locust-berry,Byrsonima lucida,MALPIGHIACEAE,Plot 134:Plot 176b:Plot 191:Plot 19b:Plot 55a:Plot 61:Plot 62
lofty fig,Ficus altissima,MORACEAE,Plot 2
long john,Triplaris cumingiana,POLYGONACEAE,Plot 142:Plot 190a:Plot 19b
long strap fern,Campyloneurum phyllitidis,POLYPODIACEAE,Plot 3b:Whitman Fruit Pavilion
long thatch,Calyptrogyne occidentalis,ARECACEAE,Plot 146
longan,Dimocarpus longan 'Chompoo',SAPINDACEAE,Plot 127
long-spined acacia:steel Acacia,Acacia macracantha,FABACEAE,Plot 164
COMMON NAME(S),BOTANICAL NAME,FAMILY,LOCATION(S) IN GARDEN
long-stalked stopper,Psidium longipes,MYRTACEAE,Plot 176a
looking-glass tree,Heritiera littoralis,MALVACEAE,Plot 154
lopsided Indian grass,Sorghastrum secundum,POACEAE,Plot 176a
loquat,Eriobotrya japonica `Oliver',ROSACEAE,Plot 127
loquat,Eriobotrya japonica 'Champagne',ROSACEAE,Plot 127
loquat,Eriobotrya japonica 'SES 1',ROSACEAE,Plot 116
loquat,Eriobotrya japonica 'Tanaka',ROSACEAE,Plot 127
lotus,Nelumbo 'Momo Botan',NELUMBONACEAE,Palm Glade Pool
lotus,Nelumbo nucifera 'Chawan Basu',NELUMBONACEAE,Palm Glade Pool
lotus,Nelumbo 'Peony Red',NELUMBONACEAE,Palm Glade Pool
low peperomia,Peperomia humilis,PIPERACEAE,Plot 3b
luli,Garcinia hombroniana 'Page',CLUSIACEAE,Whitman Fruit Pavilion
luli:seashore mangosteen,Garcinia hombroniana,CLUSIACEAE,Plot 116:Plot 152:Whitman Fruit Pavilion
MacArthur palm,Ptychosperma macarthurii,ARECACEAE,Plot 132:Plot 137:Plot 142:Plot 143:Plot 144:Plot 147:Plot 149:Plot 151:Plot 152:Plot 71a
Madagascar olive,Noronhia emarginata,OLEACEAE,Plot 153a
magenta bleeding heart vine,Clerodendrum thomsoniae 'Delectum',LAMIACEAE,Plot 4:Wings of the Tropics
mahogany mistletoe:narrow- leaved mistletoe,Phoradendron rubrum,LORANTHACEAE,Plot 197
maidenberry,Crossopetalum rhacoma,CELASTRACEAE,Plot 19b:Plot 97b
maiden-bush,Savia bahamensis,PHYLLANTHACEAE,Plot 164:Plot 41a
majesty palm,Ravenea rivularis,ARECACEAE,Plot 66:Plot 79:Plot 83
Malabar chestnut,Bombax glabrum,MALVACEAE,Plot 35
Malay-apple,Syzygium malaccense,MYRTACEAE,Plot 128d
Malay-apple,Syzygium malaccense 'Maroone',MYRTACEAE,Plot 116:Plot 127
Malay-apple,Syzygium malaccense 'Variegated',MYRTACEAE,Plot 116:Plot 127
Malay-jewel-vine,Derris scandens,FABACEAE,Plot 4
Malay-rose,Etlingera venusta,ZINGIBERACEAE,RPH-A4
male bamboo,Dendrocalamus strictus,POACEAE,Plot 156a:Plot 92
COMMON NAME(S),BOTANICAL NAME,FAMILY,LOCATION(S) IN GARDEN
mammee apple,Mammea americana 'Fairchild',CALOPHYLLACEAE,Plot 129a
manchineel,Hippomane mancinella,EUPHORBIACEAE,Plot 194:Plot 89b
mango,Mangifera indica 'Haden',ANACARDIACEAE,Plot 127
mango,Mangifera indica 'Mulgoba',ANACARDIACEAE,Plot 112:Plot 126:Plot 130
mangosteen,Garcinia mangostana,CLUSIACEAE,Whitman Fruit Pavilion
mangrove fan palm,Licuala spinosa,ARECACEAE,Plot 112:Plot 126:Plot 131:Plot 132:Plot 142:Plot 50:Plot 83
mangrove mallow,Pavonia spicata,MALVACEAE,Plot 166:Plot 201
mangrove trumpet tree,Dolichandrone spathacea,BIGNONIACEAE,Plot 60
manjack,Cordia glabra,BORAGINACEAE,Plot 52
marking-nut tree,Semecarpus anacardium,ANACARDIACEAE,Plot 43
marlberry,Ardisia escallonioides,MYRSINACEAE,:Plot 25
mast tree,Polyalthia longifolia,ANNONACEAE,Plot 19a:Plot 30
mata buey,Goetzea elegans,SOLANACEAE,Plot 158:Plot 27d:Plot 44:Plot 5
matchstick bromeliad,Aechmea gamosepala,BROMELIACEAE,Plot 130
Maya palm,Gaussia maya,ARECACEAE,Plot 142
Mayan breadnut,Brosimum alicastrum,MORACEAE,Plot 23:Plot 28
Mazari palm,Nannorrhops ritchieana,ARECACEAE,Plot 106:Plot 84a:Plot 97b
Medusa's head,Tillandsia caput-medusae,BROMELIACEAE,Plot 142
membangan,Mangifera pajang,ANACARDIACEAE,Whitman Fruit Pavilion
membrillo,Gustavia superba,LECYTHIDACEAE,Plot 152:Plot 39
mesquite,Prosopis juliflora,FABACEAE,Plot 163
metallic palm,Chamaedorea metallica,ARECACEAE,Plot 152:RPH-B6
Mexican alvaradoa,Alvaradoa amorphoides,SIMAROUBACEAE,Plot 164:Plot 176a:Plot 176b::Plot 43
Mexican flame vine,Senecio confusus,ASTERACEAE,Wings of the Tropics
Mexican indigo,Justicia spicigera,ACANTHACEAE,Plot 14 Planter B:Plot 32a:Plot 49:Plot 50
Mexican silver palm,Coccothrinax readii,ARECACEAE,Plot 107:Plot 134:Plot 70
Mexican washingtonia:Mexican fan palm,Washingtonia robusta,ARECACEAE,Plot 101a:Plot 101c:Plot 101d:Plot 135
COMMON NAME(S),BOTANICAL NAME,FAMILY,LOCATION(S) IN GARDEN
milk vine,Sarcostemma clausum,ASCLEPIADACEAE,Plot 19b
milkweed,Asclepias curassavica yellow,ASCLEPIADACEAE,Plot 19b
milky way tree:lechoso,Stemmadenia litoralis,APOCYNACEAE,Plot 47
miracle fruit,Synsepalum dulcificum,SAPOTACEAE,Whitman Fruit Pavilion
mistletoe cactus:pencil cactus,Rhipsalis baccifera,CACTACEAE,Plot 3b
mistletoe ficus,Ficus deltoidea,MORACEAE,Plot 28
monastery bamboo,Thyrsostachys siamensis,POACEAE,Plot 156a
mondo-grass,Ophiopogon japonicus,ASPARAGACEAE,Plot 112:Plot 128c:Plot 134:Plot 137:Plot 4:Plot 8
monkey's apple,Mimusops coriacea,SAPOTACEAE,Plot 153a:Plot 49:Plot 50:Plot 60
Montgomery palm:tepua,Veitchia arecina,ARECACEAE,Plot 101c:Plot 111:Plot 119:Plot 123a:Plot 131:Plot 132:Plot 133:Plot 143:Plot 149:Plot 151:Plot 152:Plot 17:Plot 18:Plot 71c:Plot 84a:Plot 87a
morass royal palm,Roystonea princeps,ARECACEAE,Plot 79:Plot 80:Plot 82
Moreton-bay fig,Ficus macrophylla,MORACEAE,Plot 28
moriche,Mauritia flexuosa,ARECACEAE,Plot 77
mosaic fig,Ficus aspera,MORACEAE,Plot 28
moujean tea,Nashia inaguensis,VERBENACEAE,Plot 102:Plot 158:Plot 164:Plot 19b:Plot 67
mountain cabbage,Roystonea altissima,ARECACEAE,Plot 54:Plot 89b
mountain mahogany,Entandrophragma caudatum,MELIACEAE,Plot 59
mountain pear,Carpodiptera ameliae,MALVACEAE,Plot 151:Plot 192
mountain thatch palm,Thrinax parviflora ssp. parviflora,ARECACEAE,Plot 137
mouse trap tree,Uncarina grandidieri,PEDALIACEAE,Plot 31
Mt. Spurgeon black pine,Prumnopitys ladei,PODOCARPACEAE,Plot 18
muchukunda,Pterospermum acerifolium,MALVACEAE,Plot 35:Plot 96
Mueller Terminalia,Terminalia muelleri,COMBRETACEAE,Plot 55b
COMMON NAME(S),BOTANICAL NAME,FAMILY,LOCATION(S) IN GARDEN
muhly grass,Muhlenbergia capillaris,POACEAE,Plot 1:Plot 123a:Plot 176a:Plot 54:Plot 71a:Plot 87c:Plot 97b
mule-ear orchid,Trichocentrum undulatum,ORCHIDACEAE,Plot 3b
musical notes,Rotheca incisa,LAMIACEAE,Plot 41a
mustard shrub,Capparis ferruginea,CAPPARACEAE,Plot 158
myrtle-of-the-river,Calyptranthes zuzygium,MYRTACEAE,Plot 195:Plot 197:Plot 45:Plot 57a:Plot 64
naked-wood:soldier wood,Colubrina elliptica,RHAMNACEAE,Plot 164:Plot 19a:Plot 24
nakoai,Veitchia spiralis,ARECACEAE,Plot 111:Plot 123a:Plot 131:Plot 132
Naples-lilac,Stachytarpheta strigosa,VERBENACEAE,Plot 19b
narrow strap fern,Campyloneurum angustifolium,POLYPODIACEAE,Plot 3b
narrowleaf blue-eyed grass,Sisyrinchium angustifolium,IRIDACEAE,Plot 64
Nawassi coconut,Cocos nucifera 'Nawassi',ARECACEAE,Plot 90a
necklace pod,Sophora tomentosa,FABACEAE,Plot 164:Plot 19b:Plot 49
needle palm,Rhapidophyllum hystrix,ARECACEAE,Plot 104:Plot 112:Plot 126:Plot 161:Plot 72
needleleaf witchgrass,Dichanthelium aciculare,POACEAE,Plot 97b
neem tree,Azadirachta indica,MELIACEAE,Plot 61
New Caledonia pine,Araucaria columnaris,ARAUCARIACEAE,Plot 142:Plot 143:Plot 151
New Guinea trumpet- creeper,Tecomanthe dendrophila,BIGNONIACEAE,Plot 138b:Plot 4:Plot 41a
nibung palm,Oncosperma tigillarium,ARECACEAE,Plot 151:Plot 155a:Plot 71a:Plot 71b:Plot 80:Plot 83
night-blooming cactus,Hylocereus sp.,CACTACEAE,Plot 127:Plot 151
night-blooming epidendrum:night- scented orchid,Epidendrum nocturnum,ORCHIDACEAE,Plot 3b
nigua,Cornutia obovata,LAMIACEAE,Plot 50:Plot 51
Nile tulip-tree,Markhamia lutea,BIGNONIACEAE,Plot 29
nipa:mangrove palm,Nypa fruticans,ARECACEAE,Plot 154:PLot 156b:Plot 68
COMMON NAME(S),BOTANICAL NAME,FAMILY,LOCATION(S) IN GARDEN
Nong Nooch vine,Petraeovitex bambusetorum,VERBENACEAE,Plot 4:RPH-B9
Northrop's pigeon plum,Coccoloba northropiae,POLYGONACEAE,Plot 164
nutmeg:mace,Myristica fragrans,MYRISTICACEAE,RPH-A4
oakleaf fig,Ficus montana,MORACEAE,Plot 131:Plot 133
ocotillo:coach-whip,Fouquieria splendens,FOUQUIERIACEAE,Plot 6
oiti,Licania tomentosa,CHRYSOBALANACEAE,Plot 146:Plot 55b
old man palm,Coccothrinax crinita ssp. crinita,ARECACEAE,Plot 107:Plot 150a:Plot 150b:Plot 172:Plot 71a:
old man palm:palma petate,Coccothrinax crinita,ARECACEAE,Plot 12:Plot 128d:Plot 139:Plot 150a:Plot 150b:Plot 71a
olive wood,Cassine xylocarpa var. attenuata,CELASTRACEAE,Plot 164
one-toe,Tabebuia lepidota,BIGNONIACEAE,Plot 154:Plot 164:Plot 190a:Plot 29
orange jasmine:orange- jessamine,Murraya paniculata,RUTACEAE,Plot 129a:Plot 138a:Plot 24
orangeberry,Glycosmis pentaphylla,RUTACEAE,Plot 39
orchid cactus,Epiphyllum stenopetalum,CACTACEAE,Plot 132
organpipe cactus,Stenocereus thurberi,CACTACEAE,Plot 6
ornamental banana,Musa ornata,MUSACEAE,Plot 27e:Plot 32b:Plot 71a:Plot 72
ornamental banana,Musa ornata 'African Red',MUSACEAE,Plot 27e
ortegon,Coccoloba latifolia,POLYGONACEAE,Plot 25
overtop palm,Syagrus amara,ARECACEAE,Plot 123a:Plot 84a
pacaya,Chamaedorea tepejilote,ARECACEAE,Plot 101d:Plot 132:Plot 142:Plot 143:Plot 151
pagoda flower,Clerodendrum paniculatum,LAMIACEAE,Wings of the Tropics
Palma Brava,Heterospathe elata var. elata,ARECACEAE,Plot 73
palm-grass,Molineria capitulata,HYPOXIDACEAE,Plot 104:Plot 119:Plot 19a
palmiste marron,Pseudophoenix lediniana,ARECACEAE,Plot 101b:Plot 113:Plot 169
palmyra palm,Borassus aethiopum,ARECACEAE,Plot 152:Plot 92
palmyra palm,Borassus flabellifer,ARECACEAE,Plot 101a:Plot 80
palmyra palm,Borassus flabellifer x B. aethiopum,ARECACEAE,Plot 92
palo de ramon,Banara vanderbiltii,SALICACEAE,Plot 169:Plot 52
COMMON NAME(S),BOTANICAL NAME,FAMILY,LOCATION(S) IN GARDEN
palo de violeta:Puerto Rican Violet tree,Polygala cowellii,POLYGALACEAE,Plot 142:Plot 149:Plot 158:Plot 25
Panama hat plant,Carludovica palmata,CYCLANTHACEAE,Plot 119:Plot 25:Plot 4
Panama-rose,Rondeletia odorata,RUBIACEAE,Plot 17:Plot 19b:Plot 21:Plot 24:Wings of the Tropics
papaya,Carica papaya 'Red Lady',CARICACEAE,Plot 116
papyrus:Egyptian paper reed,Cyperus papyrus,CYPERACEAE,Palm Glade Pool
paradise tree,Simarouba glauca,SIMAROUBACEAE,Plot 32b
parasol-tree,Firmiana simplex,MALVACEAE,Plot 35
partridge pea,Chamaecrista deeringiana,FABACEAE,Plot 176a
passion fruit,Passiflora edulis,PASSIFLORACEAE,Plot 127:Plot 4
paurotis palm:Everglades palm,Acoelorrhaphe wrightii,ARECACEAE,Plot 121:Plot 161:Plot 61:Plot 62:Plot 67:Plot 69:Plot 71a:Plot 72:Plot 76:Plot 78:Plot 81
pavana,Begonia popenoei,BEGONIACEAE,Plot 112:Plot 4
pavilla,Cornutia pyramidata,LAMIACEAE,Plot 50:Plot 51:Plot 57a
peach palm,Bactris gasipaes,ARECACEAE,Plot 152
peacock fern,Selaginella willdenovii,SELAGINELLACEAE,Plot 131:Plot 132
peacock plant,Kaempferia roscoeana,ZINGIBERACEAE,Plot 27e:RPH-B7
pearl berry:tearshrub,Vallesia antillana,APOCYNACEAE,Plot 143:Plot 196:Plot 47
pedalai,Artocarpus sericicarpus,MORACEAE,Whitman Fruit Pavilion
pembe fruit,Garcinia livingstonei,CLUSIACEAE,Plot 49
pencil cholla,Cylindropuntia arbuscula,CACTACEAE,Plot 6
peregrina,Jatropha integerrima,EUPHORBIACEAE,Plot 101d:Plot 12:Wings of the Tropics
Persian shield,Strobilanthes dyerianus,ACANTHACEAE,Plot 50
petticoat palm,Copernicia macroglossa,ARECACEAE,Plot 107:Plot 115:Plot 162:Plot 169:Plot 79:Plot 80:Plot 82
Philippine violet,Barleria cristata,ACANTHACEAE,Plot 139:Plot 32a
Philippine-tea,Ehretia microphylla,BORAGINACEAE,Plot 137
physic nut,Jatropha curcas,EUPHORBIACEAE,Plot 41a
COMMON NAME(S),BOTANICAL NAME,FAMILY,LOCATION(S) IN GARDEN
Piccabeen Palm,Archontophoenix cunninghamiana,ARECACEAE,Plot 112
pickerel weed,Pontederia cordata,PONTEDERIACEAE,Amphitheater Pool:Center Lake:Glade Lake:Hammock Lake:Pandanus Lake:Royal Palm Lake
pigeon plum,Coccoloba diversifolia,POLYGONACEAE,Plot 151:Plot 3b:Plot 64:Plot 96
pigskin,Philodendron rugosum,ARACEAE,RPH-A2:RPH-A4
pine fern,Anemia adiantifolia,SCHIZAEACEAE,Plot 124:Plot 64
pineapple ginger,Tapeinochilos ananassae,COSTACEAE,Plot 27b:RPH-A4
pineland acacia,Acacia pinetorum,FABACEAE,Plot 176a:Plot 176b:Plot 3a:Plot 97b
pineland croton,Croton linearis,EUPHORBIACEAE,Plot 41a
pineland heliotrope,Heliotropium polyphyllum,BORAGINACEAE,Plot 176:Plot 176a:Plot 54
pineland lantana,Lantana depressa,VERBENACEAE,Plot 19a
pineland passionflower,Passiflora pallens,PASSIFLORACEAE,Plot 19a:Plot 19b
pineland snowberry,Chiococca parvifolia,RUBIACEAE,Plot 176a
pineland strongbark,Bourreria cassinifolia,BORAGINACEAE,Plot 158:Plot 176a:Plot 176b:Plot 19a:Plot 19b:Plot 3b:Plot 49
pine-pink orchid,Bletia purpurea,ORCHIDACEAE,Plot 128d:Plot 176a:Plot 3b
Piney woods dropseed,Sporobolus junceus,POACEAE,Plot 176a
pink ginger,Alpinia purpurata 'Aileen McDonald',ZINGIBERACEAE,Plot 148:RPH-B5
pink ivory,Berchemia zeyheri,RHAMNACEAE,Plot 3a
pink Phyllanthus,Phyllanthus cuscutiflorus,PHYLLANTHACEAE,Plot 41a
pink shower,Cassia javanica,FABACEAE,Plot 101d
pink snakeweed,Stachytarpheta mutabilis,VERBENACEAE,Plot 19b
pink trumpet tree,Tabebuia heterophylla,BIGNONIACEAE,Plot 153a
pink trumpet vine,Podranea ricasoliana,BIGNONIACEAE,Plot 101b
pink yucca,Hesperaloe campanulata,ASPARAGACEAE,Plot 135
COMMON NAME(S),BOTANICAL NAME,FAMILY,LOCATION(S) IN GARDEN
pitch apple:monkey apple,Clusia rosea,CLUSIACEAE,Plot 154:Plot 196:Plot 60:Plot 61:Plot 75:Plot 81
pitomba,Eugenia luschnathiana,MYRTACEAE,Plot 46
pod mahogany,Afzelia quanzensis,FABACEAE,Plot 101d
pomegranate,Punica granatum 'Nana',PUNICACEAE,Plot 116
pond-apple,Annona glabra,ANNONACEAE,Plot 166::Plot 96
pony-tail,Beaucarnea recurvata,ASPARAGACEAE,Plot 124
poponax,Acacia tortuosa,FABACEAE,Plot 3a
porterweed,Stachytarpheta jamaicensis,VERBENACEAE,Plot 12:Plot 19a:Wings of the Tropics
powderpuff,Mimosa strigillosa,FABACEAE,Plot 19b
powdery strap airplant,Catopsis berteroniana,BROMELIACEAE,Plot 3b
prickly paperbark,Melaleuca styphelioides,MYRTACEAE,Plot 154
pricklypear,Opuntia humifusa,CACTACEAE,Plot 6
pride of Burma:orchid tree,Amherstia nobilis,FABACEAE,RPH-A1
princess palm:hurricane palm,Dictyosperma album,ARECACEAE,Plot 101a:Plot 101b:Plot 114:Plot 115:Plot 132:Plot 133:Plot 142
princewood,Exostema caribaeum,RUBIACEAE,Plot 194:Plot 24
Puerto Rican hat palm:palma de sombrero,Sabal causiarum,ARECACEAE,Plot 106:Plot 109:Plot 113:Plot 153a:Plot 168:Plot 190a:Plot 193:Plot 75:Plot 90b:Plot 97a:Plot 98a
Puerto Rican manjack,Cordia rupicola,BORAGINACEAE,Plot 158:Plot 164:Plot 18:Plot 52
Puerto Rican royal palm,Roystonea borinquena,ARECACEAE,Plot 132:Plot 196:Plot 54:Plot 81:Plot 90d
puntingpole bamboo,Bambusa tuldoides,POACEAE,Plot 71b
purple Allamanda,Allamanda violacea,APOCYNACEAE,Plot 38:Plot 4
purple Bignonia,Saritaea magnifica,BIGNONIACEAE,Plot 8
purple firespike,Odontonema strictum purple flower form,ACANTHACEAE,Plot 50
purple queen,Tradescantia pallida,COMMELINACEAE,Plot 136:Plot 137:Plot 139
COMMON NAME(S),BOTANICAL NAME,FAMILY,LOCATION(S) IN GARDEN
quailberry:Christmas- berry:ground-holly,Crossopetalum ilicifolium,CELASTRACEAE,Plot 134:Plot 176a:Plot 44
queen palm,Syagrus romanzoffiana,ARECACEAE,Plot 84a
queen's wreath,Petrea volubilis,VERBENACEAE,Plot 137:Plot 4
Queensland black palm,Normanbya normanbyi,ARECACEAE,Plot 125
Queensland kauri:kauri,Agathis robusta,ARAUCARIACEAE,Plot 142:Plot 143
Queensland pittosporum,Pittosporum rhombifolium,PITTOSPORACEAE,Plot 21
quicksilver bush,Thouinia discolor,SAPINDACEAE,Plot 164
quipo,Cavanillesia platanifolia,MALVACEAE,Plot 131:Plot 3a
raffia palm,Raphia farinifera,ARECACEAE,Plot 71c
rain tree:saman,Albizia saman,FABACEAE,Plot 119:Plot 130:Plot 56:Plot 73
rainbow eucalyptus:Mindanao gum,Eucalyptus deglupta,MYRTACEAE,Plot 130:Plot 132:Plot 151:Plot 153a:Plot 154:Plot 46
rainbow shower tree,Cassia fistula x javanica,FABACEAE,Plot 1:Plot 27c:Plot 33:Plot 35:Plot 3a
Rangoon creeper,Combretum indicum,COMBRETACEAE,Plot 4:Plot 7
rascabarriga,Espadaea amoena,SOLANACEAE,Plot 158:Plot 27d
rawa:asam kumbang,Mangifera quadrifida,ANACARDIACEAE,Whitman Fruit Pavilion
rawa:rancha-rancha,Mangifera griffithii,ANACARDIACEAE,Whitman Fruit Pavilion
red bog lily,Crinum 'Menehune',AMARYLLIDACEAE,Founders' Court Pool
red button ginger,Costus woodsonii,COSTACEAE,Plot 134:Plot 17:Plot 72
red cloak,Megaskepasma erythrochlamys,ACANTHACEAE,Plot 10:Plot 144:Plot 19a:Plot 34
red hot poker,Norantea guianensis,MARCGRAVIACEAE,RPH-A3:RPH-B9
red Ixora,Ixora coccinea,RUBIACEAE,Plot 19a
red latan palm,Latania loddigesii x L. lontaroides,ARECACEAE,Plot 89b
red latan palm,Latania lontaroides,ARECACEAE,Plot 108:Plot 89b
red mangrove,Rhizophora mangle,RHIZOPHORACEAE,Plot 62
red maple,Acer rubrum,ACERACEAE,Plot 64
red porterweed,Stachytarpheta sp. red form,VERBENACEAE,Plot 19b
red powder-puff,Calliandra haematocephala,FABACEAE,Plot 14 Planter B:Plot 14 Planter D:Plot 34
COMMON NAME(S),BOTANICAL NAME,FAMILY,LOCATION(S) IN GARDEN
red sealing wax palm,Cyrtostachys renda,ARECACEAE,"RPH-A1:RPH-A4:Wings
of the Tropics"
red sealing wax palm,Cyrtostachys renda 'Theodora Buhler',ARECACEAE,RPH-A2
red silk cotton tree,Bombax ceiba,MALVACEAE,Plot 26:Plot 27f
red stopper,Eugenia rhombea,MYRTACEAE,Plot 158:Plot 164:Plot 195:Plot 41a:Plot 46
redbay,Persea borbonia,LAURACEAE,Plot 155a
red-berry stopper,Eugenia confusa,MYRTACEAE,Plot 14 Planter D:Plot 17:Plot 195:Plot 3b:Plot 46:Plot 64
reddish wild-pine,Tillandsia x smalliana,BROMELIACEAE,Plot 3b
redneck palm,Dypsis leptocheilos,ARECACEAE,Plot 125:Plot 139
reflexed wild-pine,Tillandsia balbisiana,BROMELIACEAE,Plot 157:Plot 3b
ribbon bush,Homalocladium platycladum,POLYGONACEAE,Plot 4
rice button aster,Symphyotrichum dumosum,ASTERACEAE,Plot 19b
Rio Grande palmetto:Texas palmetto,Sabal mexicana,ARECACEAE,Plot 101a:Plot 106:Plot 113:Plot 137:Plot 168:Plot 198:Plot 59:Plot 87c:Plot 98a
roble de guayo,Bourreria virgata,BORAGINACEAE,Plot 158:Plot 19a:Plot 19b
rockland shrub verbena,Lantana depressa var. depressa,VERBENACEAE,Plot 171:Plot 176a:Plot 176b
root-spine palm,Cryosophila stauracantha,ARECACEAE,Plot 119:Plot 133:Plot 134:Plot 142:Plot 143:Plot 152:Plot 49
rosemary,Rosmarinus officinalis 'Irene',LAMIACEAE,Plot 19b
rosy trumpet tree,Tabebuia rosea,BIGNONIACEAE,Plot 133:Plot 153a:Plot 156a:Plot 173
rough velvet-seed,Guettarda scabra,RUBIACEAE,Plot 176a:Plot 176b:Plot 97b
royal creeper,Oxera pulchella,LAMIACEAE,Plot 4
COMMON NAME(S),BOTANICAL NAME,FAMILY,LOCATION(S) IN GARDEN
royal palm,Roystonea regia,ARECACEAE,Plot 104:Plot 115:Plot 130:Plot 155b:Plot 160:Plot 161:Plot 50:Plot 61:Plot 62:Plot 63:Plot 66:Plot 71a:Plot 71b:Plot 71c:Plot 72:Plot 76:Plot 80:Plot 82:Plot 83:Plot 84a:Plot 86:Plot 87a:Plot 87c:Plot 89b:Plot 91b:Plot 94:Plot 94b:Plot 95
royal poinciana,Delonix regia,FABACEAE,Plot 119:Plot 192:Plot 27c
rubber vine,Cryptostegia grandiflora,ASCLEPIADACEAE,Plot 101c:Plot 38
ruby eye arrowhead,Sagittaria montevidensis,ALISMATACEAE,Founders' Court Pool
rum-berry,Myrciaria floribunda,MYRTACEAE,Plot 190a
Rumphius fig,Ficus rumphii,MORACEAE,Plot 28
rusty fig,Ficus destruens,MORACEAE,Plot 132
sacred garlic pear,Crateva religiosa,CAPPARACEAE,Plot 27d
saffron-plum:tropical buckthorn,Sideroxylon celastrinum,SAPOTACEAE,Plot 163
sagisi palm,Heterospathe elata,ARECACEAE,Plot 12:Plot 128a:Plot 128d:Plot 142:Plot 143:Plot 151:Plot 152:Plot 17:Plot 18
salak,Salacca zalacca,ARECACEAE,Plot 151:Plot 71a
saltwood,Neea nigricans,NYCTAGINACEAE,Plot 158:Plot 29
San Jose hesper palm,Brahea brandegeei,ARECACEAE,Plot 101b
San Pedro cactus,Echinopsis aff. pachanoi,CACTACEAE,Plot 6
sand palm,Livistona humilis,ARECACEAE,Plot 84b
sandbox tree,Hura crepitans,EUPHORBIACEAE,Plot 41a
sandforest loquat,Oxyanthus latifolius,RUBIACEAE,Plot 101d:Plot 24
sapodilla,Manilkara zapota,SAPOTACEAE,Plot 128d:Plot 129a:Plot 50
sapodilla,Manilkara zapota 'Makok',SAPOTACEAE,Plot 127
COMMON NAME(S),BOTANICAL NAME,FAMILY,LOCATION(S) IN GARDEN
Sargent's cherry palm,Pseudophoenix sargentii,ARECACEAE,Plot 113:Plot 158:Plot 164:Plot 166:Plot 167:Plot 195:Plot 3b:Plot 65:Plot 88
Satake palm:Yaeyama palm,Satakentia liukiuensis,ARECACEAE,Plot 133:Plot 32b:Plot 44:Plot 49:Plot 50:Plot 75
satin leaf,Chrysophyllum oliviforme,SAPOTACEAE,Plot 101d:Plot 131:Plot 19a:Plot 24:Plot 25:Plot 41a
satinwood:yellowhear t,Zanthoxylum flavum,RUTACEAE,Plot 164:Plot 39
sausage-tree,Kigelia africana,BIGNONIACEAE,Plot 156a:Plot 19a:Plot 25:Plot 29
saw palmetto,Serenoa repens,ARECACEAE,Plot 102:Plot 107:Plot 112:Plot 145:Plot 161:Plot 176a:Plot 176b:Plot 64:Plot 68:Plot 97a:Plot 97b
scarlet bean,Archidendron lucyi,FABACEAE,Plot 133:Plot 18:Plot 55b
scarlet milkweed,Asclepias curassavica,ASCLEPIADACEAE,Plot 19b:Plot 41a
scarlet rosemallow,Hibiscus coccineus,MALVACEAE,Amphitheater Pool
scented blacktorch,Erithalis odorifera,RUBIACEAE,Plot 164:Plot 19b
scorpion orchid,Arachnis flos-aeris,ORCHIDACEAE,Plot 130
scorpions tail,Heliotropium angiospermum,BORAGINACEAE,Plot 43
scrub palmetto,Sabal etonia,ARECACEAE,Plot 101a:Plot 106:Plot 107:Plot 113:Plot 161:Plot 193::
sea daisy,Borrichia frutescens,ASTERACEAE,Plot 19b
sea grape,Coccoloba uvifera,POLYGONACEAE,Plot 143:Plot 154:Plot 155a:Plot 164:Plot 191:Plot 193:Plot 197:Plot 61
semaphore cactus,Opuntia spinosissima,CACTACEAE,Plot 6
semaphore pricklypear,Consolea corallicola,CACTACEAE,Plot 6
COMMON NAME(S),BOTANICAL NAME,FAMILY,LOCATION(S) IN GARDEN
Senegal date palm:Wild date palm,Phoenix reclinata,ARECACEAE,Plot 103a:Plot 104:Plot 148:Plot 67:Plot 73:Plot 74:Plot 81:Plot 90c:Plot 90d
sentry palm,Howea forsteriana,ARECACEAE,Plot 119
serpentine hill raintree,Brunfelsia densifolia,SOLANACEAE,Plot 158:Plot 164:Plot 27d:Plot 32b:Plot 49:Plot 5:Plot 50
seven-year-apple,Casasia clusiifolia,RUBIACEAE,Plot 155a
Seychelles stilt palm,Verschaffeltia splendida,ARECACEAE,RPH-A1:RPH-B1
sharkskin agave,Agave victoria-reginae x scabra 'Sharkskin',ASPARAGACEAE,Plot 6
shaving-brush tree,Pseudobombax ellipticum,MALVACEAE,Plot 26
shell ginger,Alpinia zerumbet,ZINGIBERACEAE,Plot 134:Plot 137:Plot 27c:Plot 72
shingle plant,Monstera acuminata,ARACEAE,Plot 152
shingle tree:pink cedar,Acrocarpus fraxinifolius,FABACEAE,Plot 131:Plot 133:Plot 152
short hair old man palm,Coccothrinax crinita ssp. brevicrinis,ARECACEAE,Plot 150a:Plot 150b:Plot 70
short-leaved fig,Ficus citrifolia,MORACEAE,Plot 164:Plot 195
shower of orchids,Congea tomentosa,VERBENACEAE,Plot 4
shrub eupatorium,Koanophyllon villosum,ASTERACEAE,Plot 19b
shrubby false buttonweed,Spermacoce verticillata,RUBIACEAE,Plot 19b
Siam rose ginger,Etlingera corneri,ZINGIBERACEAE,RPH-A4
sickle thorn,Asparagus falcatus,ASPARAGACEAE,Plot 138c:Plot 3a
sierra palm,Gaussia princeps,ARECACEAE,Plot 101a:Plot 110:Plot 19b
silk floss tree,Ceiba speciosa,MALVACEAE,Plot 26:Plot 46:Plot 49:Plot 50:Plot 52:Plot 99b
silk grass,Pityopsis graminifolia,ASTERACEAE,Plot 176a:Plot 176b
silver buttonwood,Conocarpus erectus silver,COMBRETACEAE,Plot 1
silver fern,Pityrogramma calomelanos,PTERIDACEAE,Wings of the Tropics
silver palm,Coccothrinax argentata,ARECACEAE,Plot 107:Plot 12:Plot 135:Plot 137:Plot 139:Plot 150a:Plot 150b:Plot 161:Plot 176a:Plot 176b:Plot 97b
COMMON NAME(S),BOTANICAL NAME,FAMILY,LOCATION(S) IN GARDEN
silver palm,Coccothrinax argentata 'Key West ',ARECACEAE,Plot 107
silver pimento palm,Schippia concolor,ARECACEAE,Plot 106:Plot 107:Plot 168:Plot 169:Plot 71c
silver thatch palm,Coccothrinax argentea,ARECACEAE,Plot 107:Plot 70
silverberry,Elaeagnus triflora,ELAEAGNACEAE,Plot 19b
silverling,Baccharis glomeruliflora,ASTERACEAE,Plot 64
Simpson's stopper,Myrcianthes fragrans,MYRTACEAE,"Plot 138a:Plot 14
Planter A:Plot 14 Planter B:Plot 19a:Plot 34:Plot 3a:Plot 3b:Plot 46:Plot 55a:Plot 62"
Singapore holly,Malpighia coccigera,MALPIGHIACEAE,Plot 112:Plot 142
Singapore holly,Malpighia coccigera 'Low Boy',MALPIGHIACEAE,Plot 145:Plot 148:Plot 158:Plot 19a:Plot 21:Plot 25:Plot 26
sisal,Agave sisalana,ASPARAGACEAE,Plot 135
slender lady palm,Rhapis humilis,ARECACEAE,Plot 132:Plot 152
small leaf clusia,Clusia guttifera,CLUSIACEAE,Plot 139
Small's milk-pea,Galactia smallii,FABACEAE,Plot 176a:Plot 97b
smooth Casearia,Casearia nitida,SALICACEAE,Plot 158:Plot 161:Plot 164
smooth passionflower,Passiflora cupraea,PASSIFLORACEAE,RPH-B9
snail plant,Fittonia verschaffeltii var. argyroneura,ACANTHACEAE,Plot 130:Plot 4
snapdragon tree,Gmelina arborea,LAMIACEAE,Plot 51
snowberry,Chiococca alba,RUBIACEAE,Plot 97b
solitaire palm,Ptychosperma elegans,ARECACEAE,Plot 128d:Plot 134:Plot 143:Plot 152:Plot 72
Sonoran palmetto,Sabal uresana,ARECACEAE,Plot 106:Plot 109
South Florida slash pine,Pinus elliottii var. densa,PINACEAE,Plot 176a:Plot 3b
COMMON NAME(S),BOTANICAL NAME,FAMILY,LOCATION(S) IN GARDEN
southern live oak,Quercus virginiana,FAGACEAE,Plot 1:Plot 12:Plot 120:Plot 121:Plot 126:Plot 128c:Plot 128d:Plot 130:Plot 131:Plot 132:Plot 133:Plot 134:Plot 142:Plot 143:Plot 144:Plot 145:Plot 146:Plot 147:Plot 148:Plot 149:Plot 151:Plot 152:Plot 19a:Plot 2:Plot 21:Plot 27e:Plot 3b:Plot 53:Plot 64
southern shield fern,Thelypteris kunthii,POLYPODIACEAE,Whitman Fruit Pavilion
southern yew:japanese yew:Buddhist pine,Podocarpus macrophyllus,PODOCARPACEAE,Plot 137
Spanish lime,Melicoccus bijugatus 'L-0318',SAPINDACEAE,Plot 127
Spanish lime:genip,Melicoccus bijugatus,SAPINDACEAE,Plot 44
Spanish stopper,Eugenia foetida,MYRTACEAE,Plot 132:Plot 138b:Plot 143:Plot 144:Plot 153a:Plot 171:Plot 19a:Plot 41a:Plot 46
spatter-dock,Nuphar lutea ssp. advena,NYMPHAEACEAE,Center Lake:Royal Palm Lake
spicewood:pale lidflower,Calyptranthes pallens,MYRTACEAE,Plot 19a:Plot 3b:Plot 46
spindle palm,Hyophorbe verschaffeltii,ARECACEAE,Plot 1:Plot 101c:Plot 110:Plot 87a
spiny black-olive,Bucida molineti,COMBRETACEAE,Plot 165:Plot 98c:Wings of the Tropics
spiral-flag,Costus scaber,COSTACEAE,Plot 119:Plot 151a:Plot 71a
spoonleaf peperomia,Peperomia magnoliifolia,PIPERACEAE,Plot 3b
spotted fig,Ficus virens,MORACEAE,Plot 95
Sprenger's asparagus fern,Asparagus densiflorus 'Sprengeri',ASPARAGACEAE,Plot 3a
St. Thomas prickly-ash,Zanthoxylum thomasianum,RUTACEAE,Plot 19b
COMMON NAME(S),BOTANICAL NAME,FAMILY,LOCATION(S) IN GARDEN
staghorn fern,Platycerium bifurcatum,POLYPODIACEAE,Plot 126:Plot 128c:Plot 137:Plot 142:RPH-B9
star apple,Chrysophyllum cainito,SAPOTACEAE,Plot 24:Plot 44
star apple,Chrysophyllum cainito 'Purpure',SAPOTACEAE,Plot 127
star Begonia,Begonia x ricinifolia,BEGONIACEAE,Plot 10:Plot 112:Plot 132:Plot 49:Plot 50
star fruit,Averrhoa carambola 'Sri Kembagan',OXALIDACEAE,Plot 127
star fruit,Averrhoa carambola 'Wintaban',OXALIDACEAE,Plot 127
starry gardenia:forest gardenia,Gardenia thunbergia,RUBIACEAE,Plot 24
stately maiden fern,Thelypteris grandis,POLYPODIACEAE,Plot 132:Plot 133:Plot 134:Plot 32a:Plot 3b:Wings of the Tropics
step ladder plant,Costus malortieanus,COSTACEAE,RPH-A1
stiff star-hair fern,Thelypteris sclerophylla,POLYPODIACEAE,Plot 112:Plot 139:Plot 152
stiff-flower star orchid,Epidendrum rigidum,ORCHIDACEAE,Plot 3b
stiff-leaved wild- pine:cardinal airplant,Tillandsia fasciculata var. densispica,BROMELIACEAE,Plot 3b
stone seed:needle- flower tree,Posoqueria latifolia,RUBIACEAE,Plot 130:Plot 24
strangler fig,Ficus aurea,MORACEAE,Plot 133:Plot 34:Plot 64
sugar palm,Arenga pinnata,ARECACEAE,Plot 129b:Plot 142:Plot 143
swamp bay,Persea palustris,LAURACEAE,Plot 155a
swamp fern,Blechnum serrulatum,BLECHNACEAE,Plot 130:Plot 32a:Plot 64:Plot 65:Plot 97b
swamp lily,Crinum americanum,AMARYLLIDACEAE,Center Lake:Glade Lake:Hammock Lake:Royal Palm Lake
sweet almond bush,Aloysia virgata,VERBENACEAE,Plot 102:Plot 33:Plot 44:Plot 49
sweet bay,Magnolia virginiana,MAGNOLIACEAE,Plot 64
COMMON NAME(S),BOTANICAL NAME,FAMILY,LOCATION(S) IN GARDEN
sweet binjai,Mangifera caesia,ANACARDIACEAE,Whitman Fruit Pavilion
tabog,Swinglea glutinosa,RUTACEAE,Plot 39
Tahitian gardenia,Gardenia taitensis,RUBIACEAE,Plot 24:Plot 33:Plot 50:Plot 56:Plot 57a
talipot palm,Corypha umbraculifera,ARECACEAE,Plot 117:Plot 153a:Plot 153b:Plot 154:Plot 155b:Plot 55a
tall threeawn,Aristida patula,POACEAE,Plot 176a
tallow wood:hog plum,Ximenia americana,OLACACEAE,Plot 197
tamarind,Tamarindus indica,FABACEAE,Wings of the Tropics
tamarind,Tamarindus indica 'Thai 1',FABACEAE,Plot 116
tape grass,Vallisneria sp.,HYDROCHARITACEAE,Amphitheater Pool:Palm Glade Pool
taraw palm,Livistona saribus,ARECACEAE,Plot 82:Plot 84a:Plot 85:Plot 91a
taro,Colocasia esculenta,ARACEAE,Whitman Fruit Pavilion
teabush:broomwood: woolly pyramidflower,Melochia tomentosa,MALVACEAE,Plot 176a:Plot 19b:Plot 97b
teak,Tectona grandis,LAMIACEAE,Plot 147
temple orange,Citrus reticulata x sinensis 'Temple',RUTACEAE,Plot 44
Texan silver leaf,Leucophyllum frutescens,SCROPHULARIACEAE,Plot 102:Plot 137:Plot 6
Texas-ebony,Pithecellobium flexicaule,FABACEAE,Plot 50
Thomas' lidflower,Calyptranthes thomasiana,MYRTACEAE,Plot 158:Plot 46
thryallis:rain of gold,Galphimia gracilis,MALPIGHIACEAE,Plot 19b:Plot 33
ti,Cordyline 'Charles Nii',ASPARAGACEAE,Plot 4
ti,Cordyline fruticosa,ASPARAGACEAE,Plot 101d:Plot 104:Plot 132:Plot 133:Plot 152
ti,Cordyline fruticosa 'Big John',ASPARAGACEAE,Plot 152:Plot 72
ti,Cordyline fruticosa 'Bolero',ASPARAGACEAE,Plot 104:Plot 128a
ti,Cordyline 'Howard Yamamoto #2',ASPARAGACEAE,Plot 4
ti,Cordyline 'Malia',ASPARAGACEAE,Plot 4
ti,Cordyline manners-suttoniae,ASPARAGACEAE,Wings of the Tropics
ti,Cordyline 'Mary Lott',ASPARAGACEAE,Plot 49
COMMON NAME(S),BOTANICAL NAME,FAMILY,LOCATION(S) IN GARDEN
ti,Cordyline sp.,ASPARAGACEAE,Plot 108:Plot 137:Plot 4
ti,Cordyline sp. 'Florica Red',ASPARAGACEAE,Plot 19a
ti,Cordyline terminalis 'Black Magic',ASPARAGACEAE,Plot 112:Plot 117
ti,Cordyline terminalis 'Dr. Brown',ASPARAGACEAE,Plot 104:Plot 50
ti,Cordyline terminalis 'Hawaiian Rose',ASPARAGACEAE,Plot 25:Plot 49
ti,Cordyline terminalis 'Maria',ASPARAGACEAE,Plot 112
ti,Cordyline x,ASPARAGACEAE,Plot 4
tie-tongue,Coccoloba swartzii,POLYGONACEAE,Plot 164
tiger grass,Thysanolaena latifolia,POACEAE,Plot 101c:Plot 112
timburi:timb,Enterolobium contortisiliquum,FABACEAE,Plot 143
timor black bamboo,Bambusa lako,POACEAE,Plot 159
torch ginger,Etlingera elatior,ZINGIBERACEAE,Plot 134:Plot 27c:Plot 76:RPH-B4
torch tree,Ixora parviflora,RUBIACEAE,Plot 103d:Plot 24
torchwood,Amyris elemifera,RUTACEAE,Plot 19b
traveler's tree,Ravenala madagascariensis,STRELITZIACEAE,Plot 71a:Plot 72
tree fuchsia,Schotia brachypetala,FABACEAE,Plot 62
tree Ixora,Ixora longistipula,RUBIACEAE,Plot 128d
tree jasmine:Indian cork tree,Millingtonia hortensis,BIGNONIACEAE,Plot 32a
triangle palm,Dypsis decaryi,ARECACEAE,Plot 112:Plot 115:Plot 137:Plot 65
tropical blue iris:twelve Apostles,Neomarica caerulea,IRIDACEAE,Plot 130:Plot 132:Plot 151:Plot 4:Plot 49:Plot 50
tropical sage,Salvia coccinea,LAMIACEAE,Plot 17:Plot 19a:Plot 19b
tropical water-lily,Nymphaea 'Blue Gigantea',NYMPHAEACEAE,Palm Glade Pool
tropical water-lily,Nymphaea 'King of the Blues',NYMPHAEACEAE,Founders' Court Pool
tufted fig:weeping fig,Ficus benjamina var. comosa,MORACEAE,Plot 62
Turk's cap cactus,Melocactus intortus,CACTACEAE,Plot 6
turmeric,Curcuma longa,ZINGIBERACEAE,Plot 32b
twisted wild- pine:potbelly airplant,Tillandsia paucifolia,BROMELIACEAE,Plot 3b
tyre palm,Coccothrinax alta,ARECACEAE,Plot 170
COMMON NAME(S),BOTANICAL NAME,FAMILY,LOCATION(S) IN GARDEN
umbelled epidendrum,Epidendrum difforme,ORCHIDACEAE,Plot 134
Vahl's boxwood,Buxus vahlii,BUXACEAE,Plot 158:Plot 164:Plot 166:Plot 19a
Vanuatu fan palm,Licuala grandis,ARECACEAE,Plot 112:Plot 128c:Plot 132:Plot 138b:Plot 138c:Plot 146:Plot 148:Plot 152
varia,Cordia gerascanthus,BORAGINACEAE,Plot 21
varnish leaf,Dodonaea viscosa,SAPINDACEAE,Plot 176a:Plot 97b
vega blanca,Brunfelsia lactea,SOLANACEAE,Plot 27d:Plot 50
vegetable ivory palm,Hyphaene petersiana,ARECACEAE,Plot 114:Plot 84a
velvet leaf,Kalanchoe beharensis,CRASSULACEAE,Plot 31
velvet-apple,Diospyros blancoi,EBENACEAE,Plot 35
velvet-leaf psychotria,Psychotria sulzneri,RUBIACEAE,Plot 25
velvet-seed:frogwood,Guettarda krugii,RUBIACEAE,Plot 164
verawood,Bulnesia arborea,ZYGOPHYLLACEAE,Plot 101c:Plot 12:Plot 138b:Plot 34:Plot 37:Plot 57a
Vonitra:Vonitrandran o,Dypsis utilis,ARECACEAE,Plot 71a
walking fern,Adiantum caudatum,ADIANTACEAE,RPH-A5:RPH-B8
walking iris,Trimezia martinicensis,IRIDACEAE,Plot 35
Wamin bamboo,Bambusa vulgaris 'Wamin',POACEAE,Plot 159
Warri Cohune,Astrocaryum mexicanum,ARECACEAE,Plot 142:Plot 146:Plot 148:Plot 149:Plot 151:Plot 152:Plot 71a:Plot 75
wart fern,Microsorum scolopendria,POLYPODIACEAE,Plot 112:Plot 130:Plot 133:Plot 134
water-lily,Nymphaea 'Alice Tricker',NYMPHAEACEAE,Amphitheater Pool
water-lily,Nymphaea 'Attraction',NYMPHAEACEAE,Founders' Court Pool
water-lily,Nymphaea 'Autumn Crush',NYMPHAEACEAE,Founders' Court Pool:Palm Glade Pool:Victoria Pool
water-lily,Nymphaea 'Bagdad',NYMPHAEACEAE,Founders' Court Pool
water-lily,Nymphaea 'Bayou Blue',NYMPHAEACEAE,Founders' Court Pool
COMMON NAME(S),BOTANICAL NAME,FAMILY,LOCATION(S) IN GARDEN
water-lily,Nymphaea 'BluBop',NYMPHAEACEAE,Amphitheater Pool:Founders' Court Pool
water-lily,Nymphaea 'Blue Aster',NYMPHAEACEAE,Palm Glade Pool
water-lily,Nymphaea 'Charlie's Pride',NYMPHAEACEAE,Amphitheater Pool:Palm Glade Pool:Victoria Pool
water-lily,Nymphaea 'Day Glow',NYMPHAEACEAE,Palm Glade Pool
water-lily,Nymphaea 'Fountain Blue',NYMPHAEACEAE,Founders' Court Pool
water-lily,Nymphaea 'Foxfire',NYMPHAEACEAE,Founders' Court Pool:Palm Glade Pool:Victoria Pool
water-lily,Nymphaea 'Green Smoke',NYMPHAEACEAE,Founders' Court Pool
water-lily,Nymphaea 'Islamorada',NYMPHAEACEAE,Amphitheater Pool
water-lily,Nymphaea 'King of Siam',NYMPHAEACEAE,Palm Glade Pool
water-lily,Nymphaea 'Manassas',NYMPHAEACEAE,Palm Glade Pool:Victoria Pool
water-lily,Nymphaea 'Miami Rose',NYMPHAEACEAE,Amphitheater Pool:Victoria Pool
water-lily,Nymphaea 'Midnight',NYMPHAEACEAE,Amphitheater Pool:Founders' Court Pool
water-lily,Nymphaea 'Midnight Serenade',NYMPHAEACEAE,Founders' Court Pool
water-lily,Nymphaea 'Ostara',NYMPHAEACEAE,Founders' Court Pool:Victoria Pool
water-lily,Nymphaea 'Queen of Siam',NYMPHAEACEAE,Amphitheater Pool:Victoria Pool
water-lily,Nymphaea 'Sally Smith Thomas',NYMPHAEACEAE,Palm Glade Pool:Victoria Pool
water-lily,Nymphaea sp.,NYMPHAEACEAE,Amphitheater Pool:Victoria Pool
water-lily,Nymphaea 'Star of Siam',NYMPHAEACEAE,Amphitheater Pool:Palm Glade Pool
water-lily,Nymphaea 'Star of Zanzibar',NYMPHAEACEAE,Amphitheater Pool
water-lily,Nymphaea 'William McLane',NYMPHAEACEAE,Amphitheater Pool
water-lily,Nymphaea 'Wood's Blue Goddess',NYMPHAEACEAE,Palm Glade Pool
water-lily,Nymphaea x,NYMPHAEACEAE,Amphitheater Pool:Palm Glade Pool
COMMON NAME(S),BOTANICAL NAME,FAMILY,LOCATION(S) IN GARDEN
water-lily,Nymphaea 'Zolfo Star',NYMPHAEACEAE,Founders' Court Pool
wax flower,Hoya carnosa,ASCLEPIADACEAE,Plot 4
wax jambu,Syzygium samarangense,MYRTACEAE,Plot 46
wax myrtle:southern bayberry,Myrica cerifera,MYRICACEAE,Plot 134:Plot 156c:Plot 19a:Plot 62
wax rose,Pereskia grandifolia,CACTACEAE,Plot 4:Plot 6
weeping bottlebrush,Melaleuca viminalis,MYRTACEAE,Plot 62:Plot 77
West African rubber tree,Ficus vogelii,MORACEAE,Plot 99a:Plot 99b
West Indian ebony:Jamaican rain tree,Brya ebenus,FABACEAE,Plot 158:Plot 19b
West Indian elm,Guazuma ulmifolia,MALVACEAE,Plot 158:Plot 35
West Indian mahogany,Swietenia mahagoni,MELIACEAE,Plot 195:Plot 197:Plot 2:Plot 58:Plot 61
West Indian oak:Yoke- wood,Catalpa longissima,BIGNONIACEAE,Plot 142:Plot 29
West Indian red cedar,Juniperus barbadensis,CUPRESSACEAE,Plot 163
West Indian redwood:American muskwood,Guarea guidonia,MELIACEAE,Plot 133:Plot 151
West Indian royal palm:Caribbee royal,Roystonea oleracea,ARECACEAE,Plot 133:Plot 202:Plot 54:Plot 66:Plot 81:Plot 82:Plot 83:Plot 86
West Indian tree fern,Cyathea arborea,CYATHEACEAE,Plot 131:Plot 152:RPH- B1
West Indian tufted airplant,Guzmania monostachia,BROMELIACEAE,Plot 3b
Wheeler's peperomia,Peperomia wheeleri,PIPERACEAE,Plot 21
whisk-fern,Psilotum nudum,PSILOTACEAE,Plot 135:Plot 3b
white bat flower,Tacca integrifolia,TACCACEAE,RPH-A2
white bird of paradise,Strelitzia nicolai,STRELITZIACEAE,Plot 102:Plot 123b:Plot 137
white calliandra,Calliandra formosa,FABACEAE,Plot 164
white candles,Whitfieldia elongata,ACANTHACEAE,RPH-B7
white chenille plant,Acalypha hispida 'Alba',EUPHORBIACEAE,Plot 4
COMMON NAME(S),BOTANICAL NAME,FAMILY,LOCATION(S) IN GARDEN
white elephant palm,Kerriodoxa elegans,ARECACEAE,Plot 112:Plot 119:Plot 131:Plot 152
white frangipani,Plumeria alba,APOCYNACEAE,Plot 172
white ironwood,Hypelate trifoliata,SAPINDACEAE,Plot 164
white king's mantle:white clock bush,Thunbergia erecta 'Alba',ACANTHACEAE,Plot 29:Plot 4
white king's mantle:white clock bush,Thunbergia erecta 'Blue Moon',ACANTHACEAE,Plot 4
white mangrove,Laguncularia racemosa,COMBRETACEAE,PLot 156b:Plot 164:Plot 71b:Plot 99b
white Queen's wreath,Petrea volubilis 'Albiflora',VERBENACEAE,Plot 4
white stopper,Eugenia axillaris,MYRTACEAE,Plot 195:Plot 3b
white-top pitcher plant,Sarracenia leucophylla,SARRACENIACEAE,RPH-B7
wide strap fern,Campyloneurum latum,POLYPODIACEAE,Plot 64
wild boston fern,Nephrolepis exaltata,POLYPODIACEAE,Plot 83
wild cane:cane grass,Lasiacis divaricata,POACEAE,Plot 164
wild cinnamon bark,Canella winterana,CANELLACEAE,Plot 153a:Plot 154:Plot 19a:Plot 19b:Plot 51
wild coffee,Psychotria nervosa,RUBIACEAE,Plot 143:Plot 17:Plot 171:Plot 19a:Plot 24:Plot 25:Plot 3b:Plot 50:Plot 55a:Plot 64
wild dilly,Manilkara jaimiqui,SAPOTACEAE,Plot 163:Plot 50
wild iris,Dietes grandiflora,IRIDACEAE,Plot 49
wild lime:prickly ash,Zanthoxylum fagara,RUTACEAE,Plot 164:Plot 19a:Plot 19b
wild mastic,Sideroxylon foetidissimum,SAPOTACEAE,Plot 164:Plot 191:Plot 50:Plot 96
wild plantain,Heliconia bihai,HELICONIACEAE,Plot 76
wild plantain,Heliconia caribaea,HELICONIACEAE,Plot 72
"wild plumbago:doctorbush
:devil's herb",Plumbago scandens,PLUMBAGINACEAE,Plot 19b
wild sage,Lantana involucrata,VERBENACEAE,Plot 176a:Plot 19a:Plot 19b:Plot 61
COMMON NAME(S),BOTANICAL NAME,FAMILY,LOCATION(S) IN GARDEN
wild tamarind,Lysiloma latisiliquum,FABACEAE,Plot 133:Plot 164:Plot 192
wild tree tobacco,Acnistus arborescens,SOLANACEAE,Plot 128a:Plot 143
wild-chestnut,Pachira insignis,MALVACEAE,Plot 55a
wine palm,Pseudophoenix vinifera,ARECACEAE,Plot 101a:Plot 101b:Plot 113:Plot 169:Plot 43:Plot 87c
wire bluestem,Schizachyrium gracile,POACEAE,Plot 176a
wispy fan palm,Livistona inermis,ARECACEAE,Plot 172
woolly morning glory,Argyreia nervosa,CONVOLVULACEAE,Plot 4
yarua:brasiletto,Caesalpinia violacea,FABACEAE,Plot 153a:Plot 21
Yeddo-hawthorn,Rhaphiolepis umbellata var. umbellata,ROSACEAE,Plot 61
yellow alder,Turnera ulmifolia,PASSIFLORACEAE,Plot 57a
yellow elder,Tecoma stans,BIGNONIACEAE,Plot 143
yellow geiger,Cordia lutea,BORAGINACEAE,Plot 22:Plot 52
yellow latan palm,Latania verschaffeltii,ARECACEAE,Plot 108:Plot 99b
yellow mangosteen,Randia fitzalanii,RUBIACEAE,Plot 151:Plot 25
yellow necklacepod,Sophora tomentosa var. truncata,FABACEAE,Plot 19b
yellow prickly apple,Harrisia aboriginum,CACTACEAE,Plot 6
yellow royal poinciana,Delonix regia var. flavida,FABACEAE,Plot 1
yellow water-lily,Nymphaea mexicana,NYMPHAEACEAE,Center Lake:Glade Lake:Royal Palm Lake
yellowtop,Flaveria linearis,ASTERACEAE,Plot 17:Plot 19b
"yesterday, today & tomorrow",Brunfelsia pauciflora,SOLANACEAE,Plot 57a
yesterday-today-and- tomorrow,Brunfelsia uniflora,SOLANACEAE,Plot 25:Plot 27d
ylang-ylang,Cananga odorata,ANNONACEAE,Plot 131:Plot 142:Plot 152:Plot 17:Plot 57a
zebra plant,Calathea zebrina,MARANTACEAE,RPH-B6
zirocote,Cordia dodecandra,BORAGINACEAE,Plot 52
zombi palm,Zombia antillarum,ARECACEAE,Plot 102:Plot 113:Plot 142:Plot 143:Plot 158:Plot 71b